campaign_id,date,advertiser,campaign_name,placement,passenger_segment,route,impressions,clicks,spend_cad,cpc,conversions,revenue_cad,ctr,conversion_rate,roas,week,month
AC1000,2024-02-05,Marriott Hotels,Product Launch Q1,In-flight Entertainment,International Traveller,YUL-CDG,11358.0,315,765.45,2.43,38,11423.06,0.0277,0.1206,14.92,6,2
AC1001,2024-02-09,Rbc,Retargeting Q2,Seatback Screen,Frequent Flyer,YVR-NRT,17509.0,1123,3346.54,2.98,162,38504.13,0.0641,0.1443,11.51,6,2
AC1002,2024-03-15,Expedia,Product Launch Q1,Seatback Screen,Business Traveller,YYZ-LAX,8814.0,362,495.94,1.37,30,11334.87,0.0411,0.0829,22.86,11,3
AC1003,2024-02-26,Hertz,Brand Awareness Q2,Boarding Gate Display,Frequent Flyer,YVR-NRT,6752.0,287,938.49,3.27,35,10544.45,0.0425,0.122,11.24,9,2
AC1004,2024-05-17,Hertz,Brand Awareness Q2,WiFi Portal,Leisure Traveller,YUL-CDG,6788.0,217,473.06,2.18,13,864.38,0.032,0.0599,1.83,20,5
AC1005,2024-05-15,Marriott Hotels,Seasonal Promo Q2,Boarding Gate Display,Frequent Flyer,YYC-YYZ,4876.0,320,352.0,1.1,34,7099.31,0.0656,0.1062,20.17,20,5
AC1006,2024-06-04,Hertz,Brand Awareness Q2,In-flight Entertainment,International Traveller,YYZ-MEX,14517.0,593,996.24,1.68,31,11630.72,0.0408,0.0523,11.67,23,6
AC1007,2024-05-16,Marriott Hotels,Brand Awareness Q1,In-flight Entertainment,Frequent Flyer,YYZ-MEX,12120.0,778,2645.2,3.4,132,41493.25,0.0642,0.1697,15.69,20,5
AC1008,2024-02-27,Expedia,Product Launch Q1,Boarding Gate Display,Frequent Flyer,YYZ-LAX,6770.0,286,280.28,0.98,15,2484.75,0.0422,0.0524,8.87,9,2
AC1009,2024-02-18,Hilton,Seasonal Promo Q2,Seatback Screen,Frequent Flyer,YYZ-MEX,6588.0,277,709.12,2.56,37,2634.93,0.042,0.1336,3.72,7,2
AC1010,2024-04-28,Hilton,Retargeting Q2,Seatback Screen,Frequent Flyer,YUL-CDG,6235.0,491,1620.3,3.3,78,8440.29,0.0787,0.1589,5.21,17,4
AC1011,2024-03-14,Td Bank,Seasonal Promo Q2,In-flight Entertainment,Frequent Flyer,YVR-NRT,21861.0,1380,3118.8,2.26,203,14211.59,0.0631,0.1471,4.56,11,3
AC1012,2024-06-21,Marriott Hotels,Brand Awareness Q1,Seatback Screen,Business Traveller,YYC-YYZ,11615.0,617,1437.61,2.33,56,7911.01,0.0531,0.0908,5.5,25,6
AC1013,2024-01-03,Rogers,Brand Awareness Q1,Boarding Gate Display,International Traveller,YYZ-MEX,4638.0,152,483.36,3.18,24,4304.03,0.0328,0.1579,8.9,1,1
AC1014,2024-01-30,Rbc,Retargeting Q2,WiFi Portal,Business Traveller,YUL-CDG,6532.0,267,670.17,2.51,22,4861.7,0.0409,0.0824,7.25,5,1
AC1015,2024-06-12,Rogers,Product Launch Q1,In-flight Entertainment,Business Traveller,YVR-NRT,16583.0,869,1042.8,1.2,47,8423.6,0.0524,0.0541,8.08,24,6
AC1016,2024-06-19,Rbc,Product Launch Q1,WiFi Portal,Leisure Traveller,YUL-JFK,6586.0,279,345.96,1.24,42,4702.67,0.0424,0.1505,13.59,25,6
AC1017,2024-04-07,Td Bank,Brand Awareness Q1,Seatback Screen,International Traveller,YUL-CDG,12711.0,434,611.94,1.41,23,2704.69,0.0341,0.053,4.42,14,4
AC1018,2024-02-15,Td Bank,Retargeting Q2,WiFi Portal,Business Traveller,YYZ-LAX,5001.0,126,139.86,1.11,21,2447.08,0.0252,0.1667,17.5,7,2
AC1019,2024-06-08,Samsung,Retargeting Q2,WiFi Portal,Frequent Flyer,YYZ-LAX,3020.0,205,471.5,2.3,15,4240.88,0.0679,0.0732,8.99,23,6
AC1020,2024-04-20,Td Bank,Product Launch Q1,In-flight Entertainment,International Traveller,YVR-NRT,18559.0,905,2524.95,2.79,122,18217.68,0.0488,0.1348,7.22,16,4
AC1021,2024-02-07,Samsung,Product Launch Q1,WiFi Portal,Leisure Traveller,YYZ-MEX,4005.0,172,404.2,2.35,24,4425.42,0.0429,0.1395,10.95,6,2
AC1022,2024-04-28,Marriott Hotels,Brand Awareness Q2,Boarding Gate Display,Leisure Traveller,YUL-CDG,4988.0,219,527.79,2.41,37,13393.97,0.0439,0.1689,25.38,17,4
AC1023,2024-03-04,Hilton,Retargeting Q2,Seatback Screen,Frequent Flyer,YYZ-LHR,17547.0,902,1380.06,1.53,82,19602.37,0.0514,0.0909,14.2,10,3
AC1024,2024-04-29,Marriott Hotels,Brand Awareness Q2,Boarding Gate Display,Frequent Flyer,YVR-NRT,9883.0,403,1281.54,3.18,50,10847.15,0.0408,0.1241,8.46,18,4
AC1025,2024-04-21,Td Bank,Retargeting Q2,Seatback Screen,Frequent Flyer,YUL-CDG,5475.0,403,1321.84,3.28,71,16822.97,0.0736,0.1762,12.73,16,4
AC1026,2024-03-07,Td Bank,Brand Awareness Q1,Seatback Screen,Frequent Flyer,YUL-CDG,11436.0,726,2214.3,3.05,60,4720.03,0.0635,0.0826,2.13,10,3
AC1027,2024-01-06,Marriott Hotels,Product Launch Q1,In-flight Entertainment,Business Traveller,YUL-CDG,12993.0,737,2115.19,2.87,52,13651.9,0.0567,0.0706,6.45,1,1
AC1028,2024-04-11,Marriott Hotels,Seasonal Promo Q2,In-flight Entertainment,International Traveller,YYC-YYZ,14498.0,732,827.16,1.13,130,42109.91,0.0505,0.1776,50.91,15,4
AC1029,2024-01-28,Expedia,Seasonal Promo Q2,In-flight Entertainment,Frequent Flyer,YYZ-MEX,22205.0,1745,2669.85,1.53,270,64357.34,0.0786,0.1547,24.11,4,1
AC1030,2024-04-28,Samsung,Product Launch Q1,In-flight Entertainment,International Traveller,YYZ-LHR,20418.0,640,1100.8,1.72,105,31018.5,0.0313,0.1641,28.18,17,4
AC1031,2024-06-14,Td Bank,Seasonal Promo Q2,Boarding Gate Display,Leisure Traveller,YUL-JFK,4524.0,145,261.0,1.8,17,2895.36,0.0321,0.1172,11.09,24,6
AC1032,2024-03-21,Rogers,Product Launch Q1,WiFi Portal,Leisure Traveller,YYZ-LAX,6389.0,269,766.65,2.85,34,13368.08,0.0421,0.1264,17.44,12,3
AC1033,2024-03-15,Hertz,Brand Awareness Q2,WiFi Portal,Business Traveller,YYZ-LAX,6021.0,390,507.0,1.3,22,8346.19,0.0648,0.0564,16.46,11,3
AC1034,2024-03-18,Rbc,Brand Awareness Q2,Seatback Screen,Leisure Traveller,YYZ-MEX,9066.0,396,799.92,2.02,42,14744.45,0.0437,0.1061,18.43,12,3
AC1035,2024-02-10,Marriott Hotels,Brand Awareness Q1,Seatback Screen,Leisure Traveller,YVR-NRT,7847.0,253,225.17,0.89,22,3276.93,0.0322,0.087,14.55,6,2
AC1036,2024-06-14,Samsung,Product Launch Q1,Boarding Gate Display,Business Traveller,YYC-YYZ,4169.0,135,444.15,3.29,14,2996.62,0.0324,0.1037,6.75,24,6
AC1037,2024-06-03,Hilton,Retargeting Q2,In-flight Entertainment,Business Traveller,YYZ-LHR,14507.5,1109,3881.5,3.5,152,21937.99,0.0764,0.1371,5.65,23,6
AC1038,2024-01-24,Rogers,Seasonal Promo Q2,Seatback Screen,Frequent Flyer,YUL-JFK,10700.0,604,1292.56,2.14,82,15592.98,0.0564,0.1358,12.06,4,1
AC1039,2024-04-28,Marriott Hotels,Brand Awareness Q2,Boarding Gate Display,Business Traveller,YUL-JFK,11494.0,511,689.85,1.35,62,23230.5,0.0445,0.1213,33.67,17,4
AC1040,2024-05-21,Samsung,Brand Awareness Q1,Seatback Screen,International Traveller,YYC-YYZ,6527.0,326,889.98,2.73,37,5390.85,0.0499,0.1135,6.06,21,5
AC1041,2024-03-11,Td Bank,Brand Awareness Q1,Seatback Screen,Leisure Traveller,YYZ-MEX,10568.0,301,1053.5,3.5,34,3468.29,0.0285,0.113,3.29,11,3
AC1042,2024-05-26,Hilton,Product Launch Q1,WiFi Portal,Leisure Traveller,YUL-JFK,5365.0,183,635.01,3.47,28,7789.79,0.0341,0.153,12.27,21,5
AC1043,2024-04-26,Expedia,Brand Awareness Q2,In-flight Entertainment,Frequent Flyer,YYZ-LAX,8502.0,605,919.6,1.52,79,14940.41,0.0712,0.1306,16.25,17,4
AC1044,2024-03-01,Expedia,Brand Awareness Q1,Boarding Gate Display,Business Traveller,YYC-YYZ,10110.0,698,872.5,1.25,62,3728.16,0.069,0.0888,4.27,9,3
AC1045,2024-01-21,Samsung,Product Launch Q1,Boarding Gate Display,Leisure Traveller,YUL-CDG,6945.0,260,530.4,2.04,35,12761.63,0.0374,0.1346,24.06,3,1
AC1046,2024-04-26,Expedia,Retargeting Q2,WiFi Portal,Frequent Flyer,YUL-JFK,5151.0,267,718.23,2.69,14,4767.18,0.0518,0.0524,6.64,17,4
AC1047,2024-06-04,Rbc,Product Launch Q1,Boarding Gate Display,International Traveller,YYZ-MEX,6115.0,285,872.1,3.06,37,13549.08,0.0466,0.1298,15.54,23,6
AC1048,2024-02-14,Hertz,Seasonal Promo Q2,In-flight Entertainment,International Traveller,YVR-NRT,14579.0,727,2202.81,3.03,81,26913.95,0.0499,0.1114,12.22,7,2
AC1049,2024-04-03,Hertz,Brand Awareness Q2,Seatback Screen,Frequent Flyer,YYZ-MEX,17954.0,1256,1896.56,1.51,125,34186.53,0.07,0.0995,18.03,14,4
AC1050,2024-06-28,Expedia,Seasonal Promo Q2,Seatback Screen,Business Traveller,YUL-JFK,15637.0,556,589.36,1.06,91,8870.9,0.0356,0.1637,15.05,26,6
AC1051,2024-05-05,Td Bank,Brand Awareness Q1,Seatback Screen,Frequent Flyer,YUL-JFK,9583.0,522,1800.9,3.45,51,18645.28,0.0545,0.0977,10.35,18,5
AC1052,2024-01-06,Hilton,Brand Awareness Q2,In-flight Entertainment,Leisure Traveller,YUL-JFK,9657.0,421,968.3,2.3,53,17732.13,0.0436,0.1259,18.31,1,1
AC1053,2024-02-14,Rogers,Retargeting Q2,Seatback Screen,Leisure Traveller,YYC-YYZ,15830.0,691,877.57,1.27,39,12074.45,0.0437,0.0564,13.76,7,2
AC1054,2024-06-17,Marriott Hotels,Brand Awareness Q1,Boarding Gate Display,Leisure Traveller,YYC-YYZ,3510.0,120,254.4,2.12,20,1514.44,0.0342,0.1667,5.95,25,6
AC1055,2024-06-03,Expedia,Brand Awareness Q2,Boarding Gate Display,International Traveller,YYZ-LHR,4874.0,234,322.92,1.38,25,3249.32,0.048,0.1068,10.06,23,6
AC1056,2024-06-24,Td Bank,Product Launch Q1,WiFi Portal,International Traveller,YVR-NRT,2747.0,129,296.7,2.3,16,3944.88,0.047,0.124,13.3,26,6
AC1057,2024-03-31,Td Bank,Retargeting Q2,In-flight Entertainment,International Traveller,YYC-YYZ,11394.0,574,1320.2,2.3,37,5457.46,0.0504,0.0645,4.13,13,3
AC1058,2024-06-28,Rbc,Retargeting Q2,WiFi Portal,Business Traveller,YUL-CDG,4875.0,181,506.8,2.8,31,2545.57,0.0371,0.1713,5.02,26,6
AC1059,2024-02-10,Rogers,Product Launch Q1,WiFi Portal,Business Traveller,YYZ-LAX,2668.0,127,175.26,1.38,14,2391.35,0.0476,0.1102,13.64,6,2
AC1060,2024-01-15,Rogers,Brand Awareness Q2,In-flight Entertainment,Leisure Traveller,YYZ-LHR,8251.0,354,757.56,2.14,37,3522.95,0.0429,0.1045,4.65,3,1
AC1061,2024-04-21,Expedia,Brand Awareness Q1,In-flight Entertainment,Frequent Flyer,YYZ-MEX,8614.0,488,541.68,1.11,25,4091.72,0.0567,0.0512,7.55,16,4
AC1062,2024-05-30,Marriott Hotels,Seasonal Promo Q2,Boarding Gate Display,Business Traveller,YUL-CDG,9484.0,614,620.14,1.01,81,19092.65,0.0647,0.1319,30.79,22,5
AC1063,2024-02-20,Hertz,Retargeting Q2,Seatback Screen,Business Traveller,YUL-CDG,14869.0,551,1570.35,2.85,59,22033.79,0.0371,0.1071,14.03,8,2
AC1064,2024-04-23,Expedia,Seasonal Promo Q2,Seatback Screen,Frequent Flyer,YYZ-LAX,9500.0,394,709.2,1.8,34,9371.53,0.0415,0.0863,13.21,17,4
AC1065,2024-05-01,Rbc,Brand Awareness Q2,Boarding Gate Display,Leisure Traveller,YVR-NRT,10381.0,487,1051.92,2.16,35,4784.86,0.0469,0.0719,4.55,18,5
AC1066,2024-06-22,Expedia,Retargeting Q2,WiFi Portal,Frequent Flyer,YYZ-LHR,7168.0,368,1012.0,2.75,49,17993.78,0.0513,0.1332,17.78,25,6
AC1067,2024-01-22,Expedia,Brand Awareness Q2,WiFi Portal,Frequent Flyer,YUL-CDG,5085.0,353,935.45,2.65,41,11320.46,0.0694,0.1161,12.1,4,1
AC1068,2024-02-05,Samsung,Product Launch Q1,WiFi Portal,Frequent Flyer,YUL-CDG,4423.0,270,699.3,2.59,44,11717.68,0.061,0.163,16.76,6,2
AC1069,2024-06-22,Hertz,Retargeting Q2,Boarding Gate Display,Business Traveller,YYZ-LHR,7668.0,460,1568.6,3.41,69,25280.98,0.06,0.15,16.12,25,6
AC1070,2024-06-03,Rogers,Product Launch Q1,Boarding Gate Display,Frequent Flyer,YUL-CDG,10873.0,802,2486.2,3.1,69,21879.27,0.0738,0.086,8.8,23,6
AC1071,2024-01-14,Samsung,Seasonal Promo Q2,Boarding Gate Display,International Traveller,YYZ-LAX,6862.0,217,232.19,1.07,31,5187.9,0.0316,0.1429,22.34,2,1
AC1072,2024-01-21,Hertz,Brand Awareness Q1,Boarding Gate Display,Frequent Flyer,YYC-YYZ,5449.0,242,382.36,1.58,21,1400.96,0.0444,0.0868,3.66,3,1
AC1073,2024-03-15,Hilton,Product Launch Q1,In-flight Entertainment,Leisure Traveller,YUL-JFK,22065.0,717,2459.31,3.43,42,9833.07,0.0325,0.0586,4.0,11,3
AC1074,2024-01-05,Hilton,Retargeting Q2,In-flight Entertainment,Frequent Flyer,YVR-NRT,19701.0,1246,3538.64,2.84,83,14384.29,0.0632,0.0666,4.06,1,1
AC1075,2024-01-10,Hilton,Seasonal Promo Q2,Seatback Screen,Leisure Traveller,YYZ-LAX,8302.0,244,732.0,3.0,27,1696.07,0.0294,0.1107,2.32,2,1
AC1076,2024-04-21,Expedia,Retargeting Q2,WiFi Portal,Business Traveller,YYZ-MEX,5602.0,244,719.8,2.95,20,1578.28,0.0436,0.082,2.19,16,4
AC1077,2024-06-18,Rogers,Retargeting Q2,WiFi Portal,Business Traveller,YYZ-LAX,5652.0,207,674.82,3.26,26,5257.96,0.0366,0.1256,7.79,25,6
AC1078,2024-06-04,Td Bank,Product Launch Q1,WiFi Portal,Leisure Traveller,YYZ-LAX,3034.0,119,105.91,0.89,8,1659.78,0.0392,0.0672,15.67,23,6
AC1079,2024-03-04,Expedia,Retargeting Q2,Boarding Gate Display,International Traveller,YUL-JFK,11176.0,318,858.6,2.7,24,6339.77,0.0285,0.0755,7.38,10,3
AC1080,2024-01-23,Marriott Hotels,Seasonal Promo Q2,Boarding Gate Display,Leisure Traveller,YUL-JFK,4063.0,116,315.52,2.72,16,1774.91,0.0286,0.1379,5.63,4,1
AC1081,2024-05-26,Samsung,Brand Awareness Q2,Boarding Gate Display,Business Traveller,YVR-NRT,5126.0,279,764.46,2.74,33,10533.85,0.0544,0.1183,13.78,21,5
AC1082,2024-06-12,Hilton,Brand Awareness Q2,Boarding Gate Display,International Traveller,YUL-CDG,10088.0,503,814.86,1.62,35,13200.54,0.0499,0.0696,16.2,24,6
AC1083,2024-03-11,Marriott Hotels,Brand Awareness Q2,WiFi Portal,Leisure Traveller,YUL-JFK,4480.0,175,220.5,1.26,22,8045.41,0.0391,0.1257,36.49,11,3
AC1084,2024-05-26,Marriott Hotels,Product Launch Q1,In-flight Entertainment,International Traveller,YUL-JFK,21650.0,729,1530.9,2.1,112,32451.64,0.0337,0.1536,21.2,21,5
AC1085,2024-02-06,Hilton,Brand Awareness Q2,Boarding Gate Display,Leisure Traveller,YVR-NRT,8658.0,207,343.62,1.66,22,3159.53,0.0239,0.1063,9.19,6,2
AC1086,2024-05-27,Td Bank,Retargeting Q2,Seatback Screen,Leisure Traveller,YYZ-MEX,8110.0,275,286.0,1.04,27,5670.83,0.0339,0.0982,19.83,22,5
AC1087,2024-04-20,Hilton,Brand Awareness Q1,WiFi Portal,Business Traveller,YYZ-MEX,7959.0,481,639.73,1.33,58,4392.69,0.0604,0.1206,6.87,16,4
AC1088,2024-03-27,Marriott Hotels,Retargeting Q2,Seatback Screen,Business Traveller,YYZ-LHR,17369.0,939,2563.47,2.73,145,33606.14,0.0541,0.1544,13.11,13,3
AC1089,2024-05-31,Expedia,Retargeting Q2,Seatback Screen,Frequent Flyer,YYC-YYZ,13311.0,541,914.29,1.69,34,6656.83,0.0406,0.0628,7.28,22,5
AC1090,2024-05-29,Hilton,Brand Awareness Q1,WiFi Portal,Leisure Traveller,YUL-JFK,6294.0,254,279.4,1.1,13,2077.3,0.0404,0.0512,7.43,22,5
AC1091,2024-05-23,Hilton,Product Launch Q1,In-flight Entertainment,Leisure Traveller,YYC-YYZ,18651.0,908,2061.16,2.27,125,44209.88,0.0487,0.1377,21.45,21,5
AC1092,2024-03-14,Samsung,Retargeting Q2,WiFi Portal,International Traveller,YUL-CDG,7775.0,412,634.48,1.54,27,7744.08,0.053,0.0655,12.21,11,3
AC1093,2024-03-29,Hertz,Brand Awareness Q1,WiFi Portal,Business Traveller,YVR-NRT,4100.0,158,241.74,1.53,10,3093.12,0.0385,0.0633,12.8,13,3
AC1094,2024-04-30,Samsung,Retargeting Q2,In-flight Entertainment,Business Traveller,YYZ-LHR,11294.0,774,2461.32,3.18,86,23881.21,0.0685,0.1111,9.7,18,4
AC1095,2024-02-15,Marriott Hotels,Seasonal Promo Q2,Seatback Screen,Business Traveller,YUL-CDG,11504.0,776,644.08,0.83,96,8405.3,0.0675,0.1237,13.05,7,2
AC1096,2024-01-29,Hilton,Product Launch Q1,Seatback Screen,Frequent Flyer,YVR-NRT,7662.0,409,654.4,1.6,56,6585.96,0.0534,0.1369,10.06,5,1
AC1097,2024-02-17,Expedia,Brand Awareness Q1,In-flight Entertainment,Frequent Flyer,YUL-JFK,12607.0,638,1078.22,1.69,80,20040.57,0.0506,0.1254,18.59,7,2
AC1098,2024-06-29,Hilton,Brand Awareness Q2,WiFi Portal,Leisure Traveller,YYZ-LHR,2961.0,78,158.34,2.03,13,2349.99,0.0263,0.1667,14.84,26,6
AC1099,2024-05-15,Samsung,Seasonal Promo Q2,Seatback Screen,Business Traveller,YYC-YYZ,6279.0,203,243.6,1.2,18,4178.15,0.0323,0.0887,17.15,20,5
AC1100,2024-04-16,Hilton,Brand Awareness Q2,In-flight Entertainment,Frequent Flyer,YUL-CDG,22968.0,1152,933.12,0.81,90,6800.43,0.0502,0.0781,7.29,16,4
AC1101,2024-02-16,Marriott Hotels,Seasonal Promo Q2,Boarding Gate Display,Business Traveller,YVR-NRT,9887.0,444,808.08,1.82,26,10073.71,0.0449,0.0586,12.47,7,2
AC1102,2024-01-06,Td Bank,Brand Awareness Q1,Seatback Screen,Leisure Traveller,YYZ-MEX,12585.0,394,480.68,1.22,29,10333.36,0.0313,0.0736,21.5,1,1
AC1103,2024-06-01,Rbc,Brand Awareness Q1,Seatback Screen,Leisure Traveller,YYZ-LAX,12314.0,262,744.08,2.84,39,3862.85,0.0213,0.1489,5.19,22,6
AC1104,2024-02-26,Expedia,Brand Awareness Q2,Seatback Screen,International Traveller,YUL-CDG,9923.0,466,1225.58,2.63,56,3718.93,0.047,0.1202,3.03,9,2
AC1105,2024-02-17,Td Bank,Seasonal Promo Q2,Boarding Gate Display,Leisure Traveller,YVR-NRT,7927.0,192,366.72,1.91,19,4474.45,0.0242,0.099,12.2,7,2
AC1106,2024-01-14,Hilton,Product Launch Q1,WiFi Portal,Business Traveller,YYC-YYZ,7518.0,488,1127.28,2.31,54,19133.06,0.0649,0.1107,16.97,2,1
AC1107,2024-06-29,Marriott Hotels,Brand Awareness Q2,Boarding Gate Display,Leisure Traveller,YUL-JFK,8269.0,259,391.09,1.51,30,6721.41,0.0313,0.1158,17.19,26,6
AC1108,2024-05-24,Samsung,Brand Awareness Q1,WiFi Portal,International Traveller,YYZ-LHR,3195.0,135,163.35,1.21,12,2195.33,0.0423,0.0889,13.44,21,5
AC1109,2024-03-31,Rogers,Product Launch Q1,Boarding Gate Display,Frequent Flyer,YYZ-LHR,11954.0,785,753.6,0.96,42,14546.45,0.0657,0.0535,19.3,13,3
AC1110,2024-05-09,Samsung,Product Launch Q1,In-flight Entertainment,Leisure Traveller,YYZ-LAX,22942.0,469,398.65,0.85,67,15913.06,0.0204,0.1429,39.92,19,5
AC1111,2024-03-02,Hertz,Product Launch Q1,In-flight Entertainment,Business Traveller,YYC-YYZ,14289.0,894,1698.6,1.9,110,43623.97,0.0626,0.123,25.68,9,3
AC1112,2024-05-21,Rbc,Seasonal Promo Q2,In-flight Entertainment,Frequent Flyer,YYZ-LHR,23597.0,1552,2622.88,1.69,274,107091.23,0.0658,0.1765,40.83,21,5
AC1113,2024-05-19,Hilton,Retargeting Q2,WiFi Portal,Business Traveller,YYZ-LAX,4576.0,313,588.44,1.88,18,1923.44,0.0684,0.0575,3.27,20,5
AC1114,2024-05-08,Expedia,Brand Awareness Q1,Boarding Gate Display,Leisure Traveller,YYZ-MEX,10161.0,226,544.66,2.41,39,6405.04,0.0222,0.1726,11.76,19,5
AC1115,2024-06-18,Td Bank,Brand Awareness Q2,Boarding Gate Display,Leisure Traveller,YUL-JFK,7839.0,324,881.28,2.72,42,12972.93,0.0413,0.1296,14.72,25,6
AC1116,2024-02-17,Expedia,Brand Awareness Q1,WiFi Portal,Business Traveller,YUL-CDG,6562.0,303,730.23,2.41,27,4990.5,0.0462,0.0891,6.83,7,2
AC1117,2024-03-09,Samsung,Product Launch Q1,Seatback Screen,Frequent Flyer,YUL-CDG,9397.0,557,562.57,1.01,46,6270.1,0.0593,0.0826,11.15,10,3
AC1118,2024-04-07,Rogers,Brand Awareness Q2,In-flight Entertainment,Frequent Flyer,YVR-NRT,18798.0,854,1426.18,1.67,147,17683.81,0.0454,0.1721,12.4,14,4
AC1119,2024-04-10,Hilton,Retargeting Q2,Seatback Screen,International Traveller,YYZ-LHR,6865.0,312,1051.44,3.37,34,10129.57,0.0454,0.109,9.63,15,4
AC1120,2024-03-02,Td Bank,Retargeting Q2,Boarding Gate Display,Leisure Traveller,YUL-JFK,9932.0,220,413.6,1.88,25,9303.43,0.0222,0.1136,22.49,9,3
AC1121,2024-02-12,Marriott Hotels,Retargeting Q2,In-flight Entertainment,Leisure Traveller,YUL-JFK,9451.0,283,302.81,1.07,22,6850.77,0.0299,0.0777,22.62,7,2
AC1122,2024-01-27,Hilton,Seasonal Promo Q2,Seatback Screen,International Traveller,YYZ-LAX,11815.0,418,1220.56,2.92,49,8423.35,0.0354,0.1172,6.9,4,1
AC1123,2024-06-14,Rbc,Retargeting Q2,In-flight Entertainment,Business Traveller,YYZ-MEX,11583.0,586,1201.3,2.05,90,24337.45,0.0506,0.1536,20.26,24,6
AC1124,2024-06-29,Samsung,Brand Awareness Q1,Boarding Gate Display,Frequent Flyer,YYZ-LHR,4025.0,219,291.27,1.33,14,3986.44,0.0544,0.0639,13.69,26,6
AC1125,2024-06-07,Td Bank,Seasonal Promo Q2,In-flight Entertainment,International Traveller,YVR-NRT,13653.0,616,887.04,1.44,40,7226.28,0.0451,0.0649,8.15,23,6
AC1126,2024-06-26,Td Bank,Brand Awareness Q2,Seatback Screen,Frequent Flyer,YUL-JFK,14091.0,912,2863.68,3.14,158,34698.87,0.0647,0.1732,12.12,26,6
AC1127,2024-05-05,Td Bank,Seasonal Promo Q2,Boarding Gate Display,Frequent Flyer,YUL-JFK,3505.0,171,270.18,1.58,25,6199.44,0.0488,0.1462,22.95,18,5
AC1128,2024-05-19,Rogers,Seasonal Promo Q2,WiFi Portal,Business Traveller,YYZ-MEX,2838.0,118,355.18,3.01,12,4774.62,0.0416,0.1017,13.44,20,5
AC1129,2024-02-22,Expedia,Product Launch Q1,Boarding Gate Display,Leisure Traveller,YYC-YYZ,8747.0,331,526.29,1.59,41,15716.9,0.0378,0.1239,29.86,8,2
AC1130,2024-06-28,Td Bank,Product Launch Q1,In-flight Entertainment,International Traveller,YYZ-MEX,12348.0,559,1319.24,2.36,47,9164.0,0.0453,0.0841,6.95,26,6
AC1131,2024-05-28,Rogers,Retargeting Q2,WiFi Portal,Frequent Flyer,YYZ-LHR,2763.0,198,370.26,1.87,34,11515.69,0.0717,0.1717,31.1,22,5
AC1132,2024-01-12,Hertz,Brand Awareness Q1,Boarding Gate Display,International Traveller,YUL-JFK,3266.0,124,420.36,3.39,9,2619.06,0.038,0.0726,6.23,2,1
AC1134,2024-05-02,Expedia,Product Launch Q1,In-flight Entertainment,Frequent Flyer,YUL-JFK,10320.0,776,907.92,1.17,116,36378.21,0.0752,0.1495,40.07,18,5
AC1135,2024-06-09,Rbc,Product Launch Q1,Seatback Screen,Frequent Flyer,YVR-NRT,11745.0,823,1966.97,2.39,82,31745.24,0.0701,0.0996,16.14,23,6
AC1136,2024-06-04,Rogers,Brand Awareness Q2,In-flight Entertainment,International Traveller,YUL-CDG,24696.0,1205,2217.2,1.84,98,26786.22,0.0488,0.0813,12.08,23,6
AC1137,2024-04-17,Expedia,Brand Awareness Q2,Seatback Screen,Frequent Flyer,YYZ-MEX,13951.0,567,555.66,0.98,47,3005.15,0.0406,0.0829,5.41,16,4
AC1138,2024-05-17,Td Bank,Brand Awareness Q2,Boarding Gate Display,Frequent Flyer,YYZ-LAX,8077.0,373,626.64,1.68,47,14905.04,0.0462,0.126,23.79,20,5
AC1139,2024-01-30,Samsung,Seasonal Promo Q2,In-flight Entertainment,Leisure Traveller,YYZ-LAX,22856.0,965,2615.15,2.71,136,14598.43,0.0422,0.1409,5.58,5,1
AC1140,2024-01-31,Hertz,Retargeting Q2,WiFi Portal,Leisure Traveller,YUL-JFK,5517.0,153,327.42,2.14,17,1179.86,0.0277,0.1111,3.6,5,1
AC1141,2024-03-03,Marriott Hotels,Brand Awareness Q1,Seatback Screen,Business Traveller,YYZ-LAX,12729.0,850,2524.5,2.97,121,33819.03,0.0668,0.1424,13.4,9,3
AC1142,2024-02-15,Marriott Hotels,Brand Awareness Q1,WiFi Portal,Business Traveller,YYC-YYZ,2376.0,77,129.36,1.68,9,475.1,0.0324,0.1169,3.67,7,2
AC1143,2024-05-19,Hilton,Product Launch Q1,WiFi Portal,Frequent Flyer,YYZ-MEX,2052.0,138,114.54,0.83,12,3787.5,0.0673,0.087,33.07,20,5
AC1144,2024-03-12,Samsung,Product Launch Q1,Boarding Gate Display,Frequent Flyer,YYZ-LAX,11515.0,805,1907.85,2.37,93,25391.37,0.0699,0.1155,13.31,11,3
AC1145,2024-04-10,Hertz,Retargeting Q2,Seatback Screen,International Traveller,YVR-NRT,10211.0,296,322.64,1.09,18,3732.27,0.029,0.0608,11.57,15,4
AC1146,2024-01-24,Hilton,Brand Awareness Q1,WiFi Portal,Frequent Flyer,YVR-NRT,4492.0,307,1046.87,3.41,31,2081.11,0.0683,0.101,1.99,4,1
AC1147,2024-02-05,Hilton,Brand Awareness Q1,Seatback Screen,Business Traveller,YYZ-LHR,5195.0,183,464.82,2.54,23,3233.51,0.0352,0.1257,6.96,6,2
AC1148,2024-02-01,Hilton,Retargeting Q2,Seatback Screen,Business Traveller,YYZ-MEX,12552.0,840,1537.2,1.83,88,15301.45,0.0669,0.1048,9.95,5,2
AC1149,2024-05-02,Samsung,Brand Awareness Q2,WiFi Portal,Frequent Flyer,YYZ-LHR,4291.0,261,652.5,2.5,40,13127.85,0.0608,0.1533,20.12,18,5
AC1150,2024-02-16,Hilton,Retargeting Q2,WiFi Portal,International Traveller,YYZ-LHR,6891.0,230,476.1,2.07,22,5596.71,0.0334,0.0957,11.76,7,2
AC1151,2024-02-15,Rbc,Product Launch Q1,Seatback Screen,Frequent Flyer,YVR-NRT,14707.0,1145,2656.4,2.32,141,16339.33,0.0779,0.1231,6.15,7,2
AC1152,2024-06-03,Hilton,Product Launch Q1,In-flight Entertainment,Business Traveller,YYZ-LAX,15169.0,455,1246.7,2.74,77,26603.46,0.03,0.1692,21.34,23,6
AC1153,2024-05-30,Marriott Hotels,Seasonal Promo Q2,WiFi Portal,Business Traveller,YVR-NRT,4472.0,158,535.62,3.39,21,2330.39,0.0353,0.1329,4.35,22,5
AC1154,2024-02-02,Samsung,Retargeting Q2,Seatback Screen,Frequent Flyer,YVR-NRT,16941.0,801,1329.66,1.66,124,32733.94,0.0473,0.1548,24.62,5,2
AC1155,2024-06-11,Marriott Hotels,Product Launch Q1,Seatback Screen,International Traveller,YVR-NRT,16615.0,539,803.11,1.49,34,1715.25,0.0324,0.0631,2.14,24,6
AC1156,2024-01-26,Hilton,Seasonal Promo Q2,Boarding Gate Display,International Traveller,YYC-YYZ,6695.0,337,559.42,1.66,58,4406.27,0.0503,0.1721,7.88,4,1
AC1157,2024-04-20,Marriott Hotels,Brand Awareness Q1,WiFi Portal,Frequent Flyer,YUL-JFK,5556.0,313,719.9,2.3,53,12669.33,0.0563,0.1693,17.6,16,4
AC1158,2024-04-19,Hilton,Brand Awareness Q1,Seatback Screen,Business Traveller,YVR-NRT,9825.0,373,380.46,1.02,59,9317.5,0.038,0.1582,24.49,16,4
AC1159,2024-02-17,Td Bank,Retargeting Q2,Seatback Screen,International Traveller,YYZ-LHR,5731.0,189,534.87,2.83,25,1999.94,0.033,0.1323,3.74,7,2
AC1160,2024-05-26,Rbc,Seasonal Promo Q2,Boarding Gate Display,Frequent Flyer,YYC-YYZ,4293.0,269,591.8,2.2,33,13000.82,0.0627,0.1227,21.97,21,5
AC1161,2024-04-18,Hertz,Brand Awareness Q1,Seatback Screen,Leisure Traveller,YUL-CDG,16192.0,628,2047.28,3.26,106,7786.14,0.0388,0.1688,3.8,16,4
AC1162,2024-02-08,Hilton,Seasonal Promo Q2,In-flight Entertainment,Frequent Flyer,YYZ-LAX,12856.0,661,1487.25,2.25,62,12016.31,0.0514,0.0938,8.08,6,2
AC1163,2024-06-23,Rogers,Brand Awareness Q2,Boarding Gate Display,Leisure Traveller,YYC-YYZ,8431.0,181,327.61,1.81,16,5244.45,0.0215,0.0884,16.01,25,6
AC1164,2024-03-23,Samsung,Seasonal Promo Q2,Seatback Screen,International Traveller,YUL-JFK,16940.0,842,2399.7,2.85,137,46217.78,0.0497,0.1627,19.26,12,3
AC1165,2024-01-15,Hertz,Product Launch Q1,In-flight Entertainment,Leisure Traveller,YUL-CDG,14507.5,665,1436.4,2.16,88,8215.28,0.0458,0.1323,5.72,3,1
AC1166,2024-06-25,Hilton,Retargeting Q2,WiFi Portal,International Traveller,YUL-CDG,2224.0,107,149.8,1.4,8,978.85,0.0481,0.0748,6.53,26,6
AC1167,2024-06-02,Rbc,Product Launch Q1,Boarding Gate Display,Leisure Traveller,YUL-JFK,8004.0,330,1023.0,3.1,36,4549.43,0.0412,0.1091,4.45,22,6
AC1168,2024-05-03,Rbc,Brand Awareness Q1,WiFi Portal,International Traveller,YVR-NRT,4264.0,197,317.17,1.61,13,4132.91,0.0462,0.066,13.03,18,5
AC1169,2024-03-16,Expedia,Seasonal Promo Q2,Seatback Screen,Business Traveller,YUL-JFK,11857.0,705,1219.65,1.73,100,29021.13,0.0595,0.1418,23.79,11,3
AC1170,2024-04-30,Rogers,Brand Awareness Q1,Seatback Screen,Leisure Traveller,YVR-NRT,17139.0,805,1127.0,1.4,131,25828.67,0.047,0.1627,22.92,18,4
AC1171,2024-05-28,Marriott Hotels,Brand Awareness Q2,Boarding Gate Display,Business Traveller,YYZ-MEX,11199.0,389,1225.35,3.15,27,10727.69,0.0347,0.0694,8.75,22,5
AC1172,2024-05-04,Hertz,Brand Awareness Q1,WiFi Portal,Leisure Traveller,YYZ-MEX,3448.0,69,86.94,1.26,10,2213.52,0.02,0.1449,25.46,18,5
AC1173,2024-01-10,Td Bank,Brand Awareness Q1,Boarding Gate Display,Frequent Flyer,YYZ-LHR,3230.0,131,106.11,0.81,19,2454.67,0.0406,0.145,23.13,2,1
AC1174,2024-03-17,Rogers,Brand Awareness Q1,Seatback Screen,Business Traveller,YYZ-MEX,12469.0,671,1160.83,1.73,112,19682.63,0.0538,0.1669,16.96,11,3
AC1175,2024-05-30,Samsung,Brand Awareness Q1,Seatback Screen,Leisure Traveller,YUL-CDG,11436.0,339,976.32,2.88,44,11346.43,0.0296,0.1298,11.62,22,5
AC1176,2024-05-20,Marriott Hotels,Brand Awareness Q1,Boarding Gate Display,Frequent Flyer,YYZ-LHR,5508.0,313,334.91,1.07,36,9647.25,0.0568,0.115,28.81,21,5
AC1178,2024-05-10,Marriott Hotels,Brand Awareness Q1,In-flight Entertainment,Frequent Flyer,YUL-CDG,10459.0,827,1248.77,1.51,46,15392.17,0.0791,0.0556,12.33,19,5
AC1179,2024-01-03,Td Bank,Brand Awareness Q1,In-flight Entertainment,Business Traveller,YYZ-MEX,12534.0,540,1501.2,2.78,53,9007.51,0.0431,0.0981,6.0,1,1
AC1180,2024-06-27,Hilton,Product Launch Q1,Boarding Gate Display,Leisure Traveller,YYZ-LAX,9816.0,338,828.1,2.45,51,13462.75,0.0344,0.1509,16.26,26,6
AC1181,2024-01-12,Hilton,Seasonal Promo Q2,Boarding Gate Display,Business Traveller,YYZ-LHR,8148.0,248,682.0,2.75,19,7305.81,0.0304,0.0766,10.71,2,1
AC1182,2024-02-08,Td Bank,Seasonal Promo Q2,Seatback Screen,Frequent Flyer,YVR-NRT,5190.0,241,682.03,2.83,22,3647.89,0.0464,0.0913,5.35,6,2
AC1183,2024-04-24,Samsung,Brand Awareness Q2,In-flight Entertainment,Frequent Flyer,YYZ-LHR,10884.0,480,916.8,1.91,58,2903.45,0.0441,0.1208,3.17,17,4
AC1184,2024-02-27,Samsung,Brand Awareness Q1,Boarding Gate Display,International Traveller,YVR-NRT,10751.0,414,1068.12,2.58,20,3485.97,0.0385,0.0483,3.26,9,2
AC1185,2024-04-14,Marriott Hotels,Product Launch Q1,In-flight Entertainment,Leisure Traveller,YYZ-LHR,11504.0,551,1603.41,2.91,78,6842.0,0.0479,0.1416,4.27,15,4
AC1186,2024-05-15,Hilton,Brand Awareness Q1,Boarding Gate Display,Leisure Traveller,YYZ-LHR,10912.0,473,600.71,1.27,73,6295.8,0.0433,0.1543,10.48,20,5
AC1187,2024-03-16,Td Bank,Retargeting Q2,Seatback Screen,International Traveller,YYZ-LHR,7185.0,290,661.2,2.28,26,8005.05,0.0404,0.0897,12.11,11,3
AC1188,2024-06-26,Expedia,Brand Awareness Q2,Seatback Screen,Leisure Traveller,YYC-YYZ,16638.0,623,1632.26,2.62,103,24397.2,0.0374,0.1653,14.95,26,6
AC1189,2024-02-21,Td Bank,Brand Awareness Q1,Seatback Screen,Business Traveller,YUL-JFK,17291.0,991,1337.85,1.35,119,20889.12,0.0573,0.1201,15.61,8,2
AC1190,2024-06-26,Samsung,Retargeting Q2,Boarding Gate Display,Leisure Traveller,YYC-YYZ,9825.0,484,406.56,0.84,40,10687.86,0.0493,0.0826,26.29,26,6
AC1191,2024-02-15,Expedia,Seasonal Promo Q2,Seatback Screen,Leisure Traveller,YVR-NRT,8063.0,171,210.33,1.23,27,1403.35,0.0212,0.1579,6.67,7,2
AC1192,2024-05-20,Rbc,Brand Awareness Q2,WiFi Portal,Frequent Flyer,YYZ-MEX,7797.0,557,685.11,1.23,67,12810.13,0.0714,0.1203,18.7,21,5
AC1193,2024-01-30,Rogers,Brand Awareness Q1,Seatback Screen,Frequent Flyer,YYC-YYZ,12301.0,942,3155.7,3.35,94,22473.81,0.0766,0.0998,7.12,5,1
AC1194,2024-03-23,Hilton,Product Launch Q1,Boarding Gate Display,Business Traveller,YVR-NRT,5742.0,395,541.15,1.37,52,6479.79,0.0688,0.1316,11.97,12,3
AC1195,2024-03-25,Td Bank,Seasonal Promo Q2,In-flight Entertainment,Leisure Traveller,YYZ-LAX,9241.0,254,828.04,3.26,26,5405.24,0.0275,0.1024,6.53,13,3
AC1196,2024-04-01,Rbc,Brand Awareness Q1,In-flight Entertainment,Business Traveller,YUL-JFK,24476.0,1328,4010.56,3.02,71,7434.64,0.0543,0.0535,1.85,14,4
AC1197,2024-01-03,Rogers,Retargeting Q2,Seatback Screen,International Traveller,YUL-JFK,7019.0,290,397.3,1.37,42,12771.28,0.0413,0.1448,32.15,1,1
AC1198,2024-02-16,Hertz,Brand Awareness Q1,Seatback Screen,International Traveller,YUL-CDG,17305.0,781,1038.73,1.33,97,37154.78,0.0451,0.1242,35.77,7,2
AC1199,2024-03-25,Marriott Hotels,Seasonal Promo Q2,Seatback Screen,International Traveller,YYZ-LHR,16361.0,564,456.84,0.81,46,5866.56,0.0345,0.0816,12.84,13,3
AC1200,2024-03-19,Expedia,Retargeting Q2,Boarding Gate Display,Frequent Flyer,YYZ-LHR,5879.0,429,1377.09,3.21,32,9815.7,0.073,0.0746,7.13,12,3
AC1201,2024-03-07,Rbc,Brand Awareness Q2,Boarding Gate Display,Leisure Traveller,YYZ-LAX,8993.0,420,487.2,1.16,48,3921.31,0.0467,0.1143,8.05,10,3
AC1202,2024-05-24,Hertz,Product Launch Q1,Seatback Screen,Frequent Flyer,YUL-CDG,17057.0,840,1268.4,1.51,67,19028.33,0.0492,0.0798,15.0,21,5
AC1203,2024-06-11,Rbc,Brand Awareness Q2,In-flight Entertainment,International Traveller,YYZ-LAX,16961.0,616,1989.68,3.23,37,5108.04,0.0363,0.0601,2.57,24,6
AC1204,2024-05-08,Expedia,Brand Awareness Q1,Boarding Gate Display,Frequent Flyer,YYC-YYZ,6768.0,321,571.38,1.78,45,4113.7,0.0474,0.1402,7.2,19,5
AC1205,2024-06-14,Hilton,Product Launch Q1,Boarding Gate Display,Leisure Traveller,YYC-YYZ,3706.0,139,446.19,3.21,9,973.98,0.0375,0.0647,2.18,24,6
AC1206,2024-06-04,Rbc,Seasonal Promo Q2,WiFi Portal,Business Traveller,YUL-CDG,3397.0,214,276.06,1.29,29,4134.89,0.063,0.1355,14.98,23,6
AC1207,2024-01-05,Samsung,Brand Awareness Q1,Boarding Gate Display,Frequent Flyer,YUL-CDG,9877.0,751,1817.42,2.42,123,29028.06,0.076,0.1638,15.97,1,1
AC1208,2024-06-27,Rbc,Brand Awareness Q1,Boarding Gate Display,Frequent Flyer,YVR-NRT,9246.0,679,1602.44,2.36,71,9874.77,0.0734,0.1046,6.16,26,6
AC1209,2024-05-27,Td Bank,Brand Awareness Q1,WiFi Portal,Leisure Traveller,YYZ-LAX,2058.0,83,101.26,1.22,11,1526.49,0.0403,0.1325,15.07,22,5
AC1210,2024-05-03,Td Bank,Brand Awareness Q2,Seatback Screen,Frequent Flyer,YYC-YYZ,11065.0,754,2103.66,2.79,121,33970.63,0.0681,0.1605,16.15,18,5
AC1211,2024-06-06,Samsung,Brand Awareness Q2,Boarding Gate Display,International Traveller,YYZ-MEX,3086.0,120,124.8,1.04,10,1797.92,0.0389,0.0833,14.41,23,6
AC1212,2024-04-22,Rogers,Seasonal Promo Q2,In-flight Entertainment,Leisure Traveller,YUL-JFK,8350.0,175,250.25,1.43,12,751.46,0.021,0.0686,3.0,17,4
AC1213,2024-02-21,Td Bank,Brand Awareness Q2,WiFi Portal,Frequent Flyer,YYZ-LHR,7764.0,484,1147.08,2.37,46,15429.79,0.0623,0.095,13.45,8,2
AC1214,2024-01-28,Rbc,Brand Awareness Q2,WiFi Portal,Leisure Traveller,YYZ-LHR,4410.0,194,582.0,3.0,24,7031.21,0.044,0.1237,12.08,4,1
AC1215,2024-03-07,Hilton,Brand Awareness Q1,Boarding Gate Display,Business Traveller,YYZ-LHR,6610.0,377,825.63,2.19,19,6483.98,0.057,0.0504,7.85,10,3
AC1216,2024-02-25,Marriott Hotels,Retargeting Q2,Seatback Screen,Frequent Flyer,YVR-NRT,7994.0,598,813.28,1.36,45,6182.7,0.0748,0.0753,7.6,8,2
AC1217,2024-04-05,Hilton,Seasonal Promo Q2,In-flight Entertainment,Business Traveller,YYZ-MEX,18335.0,910,1274.0,1.4,113,7791.56,0.0496,0.1242,6.12,14,4
AC1218,2024-04-27,Td Bank,Brand Awareness Q2,Seatback Screen,Frequent Flyer,YYZ-LAX,16292.0,887,2776.31,3.13,65,9229.82,0.0544,0.0733,3.32,17,4
AC1219,2024-04-03,Td Bank,Retargeting Q2,Seatback Screen,Frequent Flyer,YUL-JFK,9581.0,695,1911.25,2.75,107,26147.48,0.0725,0.154,13.68,14,4
AC1220,2024-02-04,Hilton,Seasonal Promo Q2,In-flight Entertainment,Leisure Traveller,YYZ-LHR,24941.0,723,1359.24,1.88,101,7172.29,0.029,0.1397,5.28,5,2
AC1221,2024-05-22,Expedia,Brand Awareness Q2,WiFi Portal,International Traveller,YVR-NRT,2162.0,116,272.6,2.35,15,1666.33,0.0537,0.1293,6.11,21,5
AC1222,2024-04-28,Hilton,Retargeting Q2,In-flight Entertainment,Frequent Flyer,YYC-YYZ,12746.0,972,981.72,1.01,92,14694.12,0.0763,0.0947,14.97,17,4
AC1223,2024-02-17,Hilton,Product Launch Q1,WiFi Portal,Frequent Flyer,YYZ-LHR,7961.0,343,428.75,1.25,21,1518.87,0.0431,0.0612,3.54,7,2
AC1224,2024-01-22,Marriott Hotels,Product Launch Q1,In-flight Entertainment,International Traveller,YYC-YYZ,20774.0,598,753.48,1.26,32,5596.62,0.0288,0.0535,7.43,4,1
AC1226,2024-01-03,Hertz,Brand Awareness Q2,WiFi Portal,International Traveller,YYZ-LHR,5908.0,199,163.18,0.82,19,3688.04,0.0337,0.0955,22.6,1,1
AC1227,2024-04-18,Td Bank,Brand Awareness Q1,Boarding Gate Display,Leisure Traveller,YVR-NRT,7454.0,315,976.5,3.1,23,3481.24,0.0423,0.073,3.57,16,4
AC1228,2024-05-16,Samsung,Brand Awareness Q1,WiFi Portal,Business Traveller,YUL-CDG,2837.0,115,139.15,1.21,13,2205.7,0.0405,0.113,15.85,20,5
AC1229,2024-01-15,Rbc,Product Launch Q1,WiFi Portal,Business Traveller,YYZ-MEX,5214.0,269,492.27,1.83,13,5084.42,0.0516,0.0483,10.33,3,1
AC1230,2024-05-13,Rbc,Brand Awareness Q1,Seatback Screen,Frequent Flyer,YUL-JFK,12746.0,889,2026.92,2.28,58,12668.96,0.0697,0.0652,6.25,20,5
AC1231,2024-02-12,Marriott Hotels,Brand Awareness Q1,Seatback Screen,Frequent Flyer,YVR-NRT,14579.0,1040,2163.2,2.08,132,23758.62,0.0713,0.1269,10.98,7,2
AC1232,2024-06-28,Rbc,Product Launch Q1,In-flight Entertainment,International Traveller,YUL-JFK,11519.0,510,1637.1,3.21,74,4253.04,0.0443,0.1451,2.6,26,6
AC1233,2024-02-17,Hilton,Brand Awareness Q2,WiFi Portal,Frequent Flyer,YUL-CDG,7999.0,497,492.03,0.99,34,5218.5,0.0621,0.0684,10.61,7,2
AC1234,2024-06-07,Td Bank,Retargeting Q2,Seatback Screen,Business Traveller,YYC-YYZ,10254.0,577,1234.78,2.14,70,18519.46,0.0563,0.1213,15.0,23,6
AC1235,2024-02-21,Marriott Hotels,Brand Awareness Q1,In-flight Entertainment,Leisure Traveller,YUL-CDG,11507.0,451,1118.48,2.48,57,3829.26,0.0392,0.1264,3.42,8,2
AC1236,2024-04-02,Hilton,Brand Awareness Q1,In-flight Entertainment,Frequent Flyer,YYZ-MEX,21629.0,926,1500.12,1.62,160,61792.86,0.0428,0.1728,41.19,14,4
AC1237,2024-06-12,Samsung,Brand Awareness Q1,Seatback Screen,Frequent Flyer,YUL-JFK,16050.0,899,1537.29,1.71,63,25165.46,0.056,0.0701,16.37,24,6
AC1238,2024-03-23,Expedia,Seasonal Promo Q2,WiFi Portal,Frequent Flyer,YYZ-MEX,5001.0,351,709.02,2.02,61,3054.18,0.0702,0.1738,4.31,12,3
AC1239,2024-03-21,Rogers,Product Launch Q1,In-flight Entertainment,International Traveller,YUL-CDG,8711.0,366,384.3,1.05,40,4185.5,0.042,0.1093,10.89,12,3
AC1240,2024-01-20,Rogers,Product Launch Q1,In-flight Entertainment,Frequent Flyer,YYC-YYZ,18639.0,1356,1437.36,1.06,181,11417.49,0.0728,0.1335,7.94,3,1
AC1241,2024-02-28,Expedia,Brand Awareness Q1,WiFi Portal,Frequent Flyer,YYZ-LHR,7178.0,449,754.32,1.68,63,6528.0,0.0626,0.1403,8.65,9,2
AC1242,2024-02-07,Marriott Hotels,Seasonal Promo Q2,Seatback Screen,Frequent Flyer,YVR-NRT,10507.0,456,980.4,2.15,68,6502.93,0.0434,0.1491,6.63,6,2
AC1243,2024-04-20,Samsung,Retargeting Q2,Seatback Screen,Leisure Traveller,YYZ-LAX,16218.0,525,908.25,1.73,70,22357.19,0.0324,0.1333,24.62,16,4
AC1244,2024-02-21,Hertz,Product Launch Q1,Boarding Gate Display,Business Traveller,YYZ-MEX,4405.0,151,475.65,3.15,23,1260.55,0.0343,0.1523,2.65,8,2
AC1245,2024-03-07,Samsung,Brand Awareness Q2,Seatback Screen,Leisure Traveller,YYC-YYZ,15207.0,609,1351.98,2.22,50,3551.93,0.04,0.0821,2.63,10,3
AC1246,2024-06-18,Rbc,Retargeting Q2,In-flight Entertainment,Frequent Flyer,YUL-JFK,19803.0,1093,3759.92,3.44,68,10907.85,0.0552,0.0622,2.9,25,6
AC1247,2024-03-19,Hilton,Brand Awareness Q2,In-flight Entertainment,Business Traveller,YUL-CDG,18930.0,581,2027.69,3.49,102,14948.85,0.0307,0.1756,7.37,12,3
AC1248,2024-04-10,Rbc,Retargeting Q2,WiFi Portal,Leisure Traveller,YUL-CDG,7979.0,321,619.53,1.93,39,7771.25,0.0402,0.1215,12.54,15,4
AC1249,2024-02-04,Hertz,Brand Awareness Q2,Seatback Screen,Leisure Traveller,YVR-NRT,17616.0,646,1072.36,1.66,106,32274.65,0.0367,0.1641,30.1,5,2
AC1250,2024-01-28,Hilton,Product Launch Q1,WiFi Portal,Leisure Traveller,YYZ-MEX,2214.0,84,73.08,0.87,5,1614.7,0.0379,0.0595,22.09,4,1
AC1251,2024-02-11,Hertz,Product Launch Q1,Boarding Gate Display,Frequent Flyer,YYZ-LHR,9694.0,547,1531.6,2.8,97,30576.52,0.0564,0.1773,19.96,6,2
AC1252,2024-04-13,Hilton,Seasonal Promo Q2,WiFi Portal,Frequent Flyer,YUL-CDG,5116.0,314,794.42,2.53,44,2793.08,0.0614,0.1401,3.52,15,4
AC1253,2024-05-12,Samsung,Seasonal Promo Q2,Boarding Gate Display,Business Traveller,YYC-YYZ,10201.0,468,907.92,1.94,60,4145.48,0.0459,0.1282,4.57,19,5
AC1254,2024-03-23,Marriott Hotels,Seasonal Promo Q2,Seatback Screen,Leisure Traveller,YYZ-LHR,5408.0,223,330.04,1.48,31,11392.71,0.0412,0.139,34.52,12,3
AC1255,2024-05-10,Hilton,Seasonal Promo Q2,WiFi Portal,Business Traveller,YYC-YYZ,6508.0,206,644.78,3.13,14,1408.58,0.0317,0.068,2.18,19,5
AC1256,2024-02-21,Hilton,Product Launch Q1,WiFi Portal,Leisure Traveller,YYZ-LAX,4073.0,185,588.3,3.18,14,3585.43,0.0454,0.0757,6.09,8,2
AC1257,2024-02-07,Samsung,Product Launch Q1,WiFi Portal,Leisure Traveller,YYZ-LAX,4859.0,101,170.69,1.69,6,528.66,0.0208,0.0594,3.1,6,2
AC1258,2024-03-17,Hertz,Brand Awareness Q1,Boarding Gate Display,International Traveller,YYZ-LAX,4108.0,110,124.3,1.13,17,2808.79,0.0268,0.1545,22.6,11,3
AC1259,2024-03-22,Marriott Hotels,Brand Awareness Q2,Boarding Gate Display,International Traveller,YYZ-LHR,8797.0,350,749.0,2.14,54,19401.24,0.0398,0.1543,25.9,12,3
AC1260,2024-04-16,Hilton,Brand Awareness Q2,In-flight Entertainment,Leisure Traveller,YYZ-MEX,21567.0,843,1315.08,1.56,128,20188.21,0.0391,0.1518,15.35,16,4
AC1261,2024-02-19,Expedia,Product Launch Q1,Boarding Gate Display,Business Traveller,YYZ-MEX,10849.0,723,1800.27,2.49,119,28314.7,0.0666,0.1646,15.73,8,2
AC1262,2024-06-24,Rogers,Brand Awareness Q2,WiFi Portal,Business Traveller,YUL-CDG,2542.0,104,319.28,3.07,12,2236.18,0.0409,0.1154,7.0,26,6
AC1263,2024-05-07,Expedia,Brand Awareness Q1,In-flight Entertainment,International Traveller,YYZ-LHR,14507.5,447,1296.3,2.9,75,15399.07,0.0308,0.1678,11.88,19,5
AC1264,2024-05-12,Hilton,Brand Awareness Q1,WiFi Portal,International Traveller,YUL-CDG,7935.0,322,1069.04,3.32,44,11352.03,0.0406,0.1366,10.62,19,5
AC1265,2024-03-23,Rogers,Product Launch Q1,In-flight Entertainment,International Traveller,YUL-JFK,14571.0,657,808.11,1.23,42,16186.98,0.0451,0.0639,20.03,12,3
AC1266,2024-02-13,Rogers,Product Launch Q1,Seatback Screen,International Traveller,YYC-YYZ,10101.0,261,245.34,0.94,26,2083.69,0.0258,0.0996,8.49,7,2
AC1267,2024-06-20,Hilton,Product Launch Q1,WiFi Portal,International Traveller,YVR-NRT,5814.0,267,437.88,1.64,35,11139.55,0.0459,0.1311,25.44,25,6
AC1268,2024-03-24,Rogers,Retargeting Q2,WiFi Portal,Frequent Flyer,YUL-CDG,2247.0,105,301.35,2.87,13,1229.64,0.0467,0.1238,4.08,12,3
AC1269,2024-04-15,Marriott Hotels,Brand Awareness Q2,WiFi Portal,Frequent Flyer,YYZ-LHR,3996.0,193,515.31,2.67,20,7861.44,0.0483,0.1036,15.26,16,4
AC1270,2024-04-28,Marriott Hotels,Brand Awareness Q2,Boarding Gate Display,Business Traveller,YYC-YYZ,10294.0,381,1143.0,3.0,57,10409.27,0.037,0.1496,9.11,17,4
AC1271,2024-03-15,Rbc,Brand Awareness Q2,Seatback Screen,Leisure Traveller,YYZ-LHR,15085.0,610,1994.7,3.27,54,20529.0,0.0404,0.0885,10.29,11,3
AC1272,2024-01-16,Rbc,Retargeting Q2,Boarding Gate Display,Leisure Traveller,YYZ-MEX,3013.0,134,420.76,3.14,10,2957.78,0.0445,0.0746,7.03,3,1
AC1273,2024-05-22,Samsung,Product Launch Q1,Seatback Screen,Frequent Flyer,YUL-CDG,10902.0,441,1124.55,2.55,30,10791.33,0.0405,0.068,9.6,21,5
AC1274,2024-04-26,Td Bank,Product Launch Q1,Boarding Gate Display,Frequent Flyer,YYC-YYZ,10373.0,418,898.7,2.15,60,17954.73,0.0403,0.1435,19.98,17,4
AC1275,2024-05-03,Rbc,Brand Awareness Q2,Boarding Gate Display,International Traveller,YYZ-LAX,11624.0,562,567.62,1.01,93,7528.93,0.0483,0.1655,13.26,18,5
AC1276,2024-04-30,Rogers,Brand Awareness Q1,In-flight Entertainment,International Traveller,YYC-YYZ,22877.0,1119,1007.1,0.9,190,59336.78,0.0489,0.1698,58.92,18,4
AC1277,2024-01-07,Hertz,Brand Awareness Q2,In-flight Entertainment,International Traveller,YYZ-MEX,17398.0,579,903.24,1.56,93,5112.31,0.0333,0.1606,5.66,1,1
AC1278,2024-05-04,Hilton,Product Launch Q1,WiFi Portal,Leisure Traveller,YVR-NRT,2271.0,111,339.66,3.06,16,3112.51,0.0489,0.1441,9.16,18,5
AC1279,2024-01-14,Expedia,Brand Awareness Q1,In-flight Entertainment,International Traveller,YYZ-MEX,13491.0,641,1173.03,1.83,90,19449.57,0.0475,0.1404,16.58,2,1
AC1280,2024-01-25,Hilton,Brand Awareness Q1,Boarding Gate Display,International Traveller,YYC-YYZ,7466.0,208,386.88,1.86,31,9677.64,0.0279,0.149,25.01,4,1
AC1281,2024-01-18,Hertz,Brand Awareness Q1,WiFi Portal,Business Traveller,YUL-JFK,2800.0,95,125.4,1.32,5,410.9,0.0339,0.0526,3.28,3,1
AC1282,2024-02-03,Marriott Hotels,Brand Awareness Q2,In-flight Entertainment,Business Traveller,YYZ-MEX,20319.0,1337,4452.21,3.33,177,66010.98,0.0658,0.1324,14.83,5,2
AC1283,2024-03-11,Expedia,Brand Awareness Q1,WiFi Portal,Leisure Traveller,YYZ-MEX,5183.0,143,141.57,0.99,25,3005.85,0.0276,0.1748,21.23,11,3
AC1285,2024-05-18,Hilton,Brand Awareness Q1,Boarding Gate Display,Frequent Flyer,YYZ-LHR,10898.0,581,941.22,1.62,33,13165.53,0.0533,0.0568,13.99,20,5
AC1286,2024-01-11,Hilton,Brand Awareness Q2,WiFi Portal,Leisure Traveller,YUL-CDG,3564.0,167,172.01,1.03,22,6762.0,0.0469,0.1317,39.31,2,1
AC1287,2024-06-13,Hilton,Brand Awareness Q2,Boarding Gate Display,Business Traveller,YYZ-MEX,10361.0,711,1955.25,2.75,73,9058.38,0.0686,0.1027,4.63,24,6
AC1288,2024-05-05,Hertz,Product Launch Q1,Seatback Screen,Business Traveller,YYZ-LAX,12720.0,505,1636.2,3.24,79,6640.13,0.0397,0.1564,4.06,18,5
AC1289,2024-04-19,Marriott Hotels,Product Launch Q1,Boarding Gate Display,Leisure Traveller,YYZ-LAX,9586.0,472,1444.32,3.06,72,22858.54,0.0492,0.1525,15.83,16,4
AC1290,2024-04-22,Td Bank,Product Launch Q1,Seatback Screen,International Traveller,YYC-YYZ,14535.0,630,529.2,0.84,71,3707.79,0.0433,0.1127,7.01,17,4
AC1291,2024-06-12,Td Bank,Product Launch Q1,Boarding Gate Display,Leisure Traveller,YUL-CDG,9750.0,246,674.04,2.74,31,2505.03,0.0252,0.126,3.72,24,6
AC1292,2024-05-18,Samsung,Retargeting Q2,In-flight Entertainment,Business Traveller,YYC-YYZ,24631.0,1011,3457.62,3.42,112,12511.89,0.041,0.1108,3.62,20,5
AC1293,2024-01-12,Td Bank,Seasonal Promo Q2,WiFi Portal,International Traveller,YYC-YYZ,2429.0,96,309.12,3.22,13,3346.82,0.0395,0.1354,10.83,2,1
AC1294,2024-04-15,Marriott Hotels,Product Launch Q1,WiFi Portal,Leisure Traveller,YYZ-LAX,3807.0,131,433.61,3.31,14,2597.92,0.0344,0.1069,5.99,16,4
AC1295,2024-01-16,Samsung,Brand Awareness Q2,WiFi Portal,Leisure Traveller,YYZ-LAX,2910.0,73,177.39,2.43,11,3006.3,0.0251,0.1507,16.95,3,1
AC1296,2024-05-31,Marriott Hotels,Product Launch Q1,Boarding Gate Display,Frequent Flyer,YYZ-MEX,3237.0,171,403.56,2.36,28,7199.36,0.0528,0.1637,17.84,22,5
AC1297,2024-04-10,Rbc,Brand Awareness Q2,Boarding Gate Display,Business Traveller,YYZ-LHR,10412.0,518,984.2,1.9,40,7017.68,0.0498,0.0772,7.13,15,4
AC1298,2024-02-05,Hertz,Seasonal Promo Q2,Boarding Gate Display,Business Traveller,YYZ-LHR,10607.0,616,1644.72,2.67,73,11227.87,0.0581,0.1185,6.83,6,2
AC1299,2024-05-11,Samsung,Brand Awareness Q1,In-flight Entertainment,International Traveller,YUL-JFK,19927.0,716,1653.96,2.31,42,12527.26,0.0359,0.0587,7.57,19,5
AC1300,2024-03-09,Hilton,Retargeting Q2,Seatback Screen,Leisure Traveller,YVR-NRT,16144.0,503,1529.12,3.04,55,12989.16,0.0312,0.1093,8.49,10,3
AC1301,2024-04-10,Marriott Hotels,Brand Awareness Q1,Seatback Screen,Frequent Flyer,YYZ-LAX,9724.0,447,603.45,1.35,77,4461.5,0.046,0.1723,7.39,15,4
AC1302,2024-01-17,Td Bank,Product Launch Q1,Boarding Gate Display,Business Traveller,YVR-NRT,8503.0,395,948.0,2.4,55,18956.73,0.0465,0.1392,20.0,3,1
AC1303,2024-03-14,Hertz,Retargeting Q2,WiFi Portal,Leisure Traveller,YYZ-LHR,4892.0,122,191.54,1.57,21,7219.09,0.0249,0.1721,37.69,11,3
AC1304,2024-04-04,Rbc,Retargeting Q2,WiFi Portal,Leisure Traveller,YYZ-LHR,5001.0,325,1114.75,3.43,38,3515.82,0.065,0.1169,3.15,14,4
AC1305,2024-05-09,Expedia,Brand Awareness Q2,Seatback Screen,Business Traveller,YUL-JFK,15604.0,763,1793.05,2.35,52,12887.21,0.0489,0.0682,7.19,19,5
AC1306,2024-04-12,Rbc,Brand Awareness Q1,Seatback Screen,Business Traveller,YVR-NRT,12306.0,529,1539.39,2.91,79,9361.54,0.043,0.1493,6.08,15,4
AC1307,2024-06-03,Td Bank,Brand Awareness Q2,Seatback Screen,Frequent Flyer,YVR-NRT,5918.0,328,272.24,0.83,31,4892.73,0.0554,0.0945,17.97,23,6
AC1308,2024-04-16,Td Bank,Seasonal Promo Q2,Boarding Gate Display,International Traveller,YUL-CDG,4410.0,241,412.11,1.71,41,10526.24,0.0546,0.1701,25.54,16,4
AC1309,2024-04-07,Hertz,Product Launch Q1,Boarding Gate Display,Leisure Traveller,YUL-CDG,3691.0,107,299.6,2.8,8,2615.41,0.029,0.0748,8.73,14,4
AC1310,2024-06-25,Marriott Hotels,Seasonal Promo Q2,WiFi Portal,Frequent Flyer,YUL-CDG,2977.0,162,340.2,2.1,17,2384.57,0.0544,0.1049,7.01,26,6
AC1311,2024-02-07,Rbc,Brand Awareness Q1,WiFi Portal,Leisure Traveller,YYC-YYZ,7679.0,165,557.7,3.38,9,1368.74,0.0215,0.0545,2.45,6,2
AC1312,2024-06-24,Marriott Hotels,Retargeting Q2,Seatback Screen,International Traveller,YYZ-MEX,9447.0,469,1031.8,2.2,46,10106.87,0.0496,0.0981,9.8,26,6
AC1313,2024-01-20,Samsung,Seasonal Promo Q2,Seatback Screen,Business Traveller,YYZ-LHR,7150.0,314,1089.58,3.47,37,14412.94,0.0439,0.1178,13.23,3,1
AC1314,2024-02-23,Hertz,Product Launch Q1,Seatback Screen,Leisure Traveller,YVR-NRT,6287.0,271,295.39,1.09,41,9418.43,0.0431,0.1513,31.88,8,2
AC1315,2024-05-30,Rbc,Product Launch Q1,In-flight Entertainment,Business Traveller,YYC-YYZ,14554.0,453,1073.61,2.37,43,15019.83,0.0311,0.0949,13.99,22,5
AC1316,2024-05-17,Rbc,Product Launch Q1,Seatback Screen,Leisure Traveller,YVR-NRT,16884.0,768,998.4,1.3,105,9194.18,0.0455,0.1367,9.21,20,5
AC1317,2024-01-29,Td Bank,Seasonal Promo Q2,In-flight Entertainment,International Traveller,YYZ-LAX,12453.0,433,679.81,1.57,55,8756.13,0.0348,0.127,12.88,5,1
AC1318,2024-06-22,Td Bank,Seasonal Promo Q2,Seatback Screen,Business Traveller,YYZ-MEX,7937.0,451,505.12,1.12,45,13196.83,0.0568,0.0998,26.13,25,6
AC1319,2024-04-13,Expedia,Brand Awareness Q2,Seatback Screen,International Traveller,YUL-CDG,8815.0,374,1095.82,2.93,50,9504.12,0.0424,0.1337,8.67,15,4
AC1320,2024-03-05,Rogers,Brand Awareness Q1,Seatback Screen,Frequent Flyer,YYZ-LAX,13147.0,787,684.69,0.87,57,14911.45,0.0599,0.0724,21.78,10,3
AC1321,2024-05-05,Hilton,Seasonal Promo Q2,Boarding Gate Display,Leisure Traveller,YVR-NRT,8629.0,312,1082.64,3.47,51,4676.54,0.0362,0.1635,4.32,18,5
AC1322,2024-02-04,Hertz,Seasonal Promo Q2,WiFi Portal,Leisure Traveller,YYZ-LHR,5187.0,192,433.92,2.26,21,5182.58,0.037,0.1094,11.94,5,2
AC1323,2024-01-08,Td Bank,Brand Awareness Q1,WiFi Portal,International Traveller,YVR-NRT,5001.0,239,437.37,1.83,25,9929.52,0.0478,0.1046,22.7,2,1
AC1324,2024-01-30,Rogers,Retargeting Q2,In-flight Entertainment,Business Traveller,YYZ-MEX,19062.0,820,2648.6,3.23,69,20257.4,0.043,0.0841,7.65,5,1
AC1325,2024-03-27,Marriott Hotels,Product Launch Q1,Boarding Gate Display,Business Traveller,YUL-JFK,8563.0,313,788.76,2.52,55,4199.93,0.0366,0.1757,5.32,13,3
AC1326,2024-01-25,Td Bank,Brand Awareness Q2,Seatback Screen,Business Traveller,YUL-JFK,9478.0,464,747.04,1.61,71,14307.83,0.049,0.153,19.15,4,1
AC1327,2024-02-17,Hilton,Brand Awareness Q2,Seatback Screen,Business Traveller,YUL-JFK,8489.0,345,1121.25,3.25,59,17954.6,0.0406,0.171,16.01,7,2
AC1328,2024-06-11,Rogers,Brand Awareness Q1,Boarding Gate Display,Frequent Flyer,YVR-NRT,7702.0,433,480.63,1.11,32,4350.57,0.0562,0.0739,9.05,24,6
AC1329,2024-01-08,Rbc,Product Launch Q1,Seatback Screen,Leisure Traveller,YVR-NRT,17937.0,381,361.95,0.95,63,10071.6,0.0212,0.1654,27.83,2,1
AC1330,2024-05-26,Marriott Hotels,Brand Awareness Q1,Boarding Gate Display,Leisure Traveller,YUL-CDG,11605.0,540,1609.2,2.98,50,12725.71,0.0465,0.0926,7.91,21,5
AC1331,2024-04-22,Hertz,Retargeting Q2,In-flight Entertainment,Leisure Traveller,YUL-CDG,21381.0,667,1293.98,1.94,92,35618.75,0.0312,0.1379,27.53,17,4
AC1332,2024-06-25,Rogers,Brand Awareness Q1,In-flight Entertainment,Business Traveller,YYZ-MEX,15853.0,671,758.23,1.13,109,38169.24,0.0423,0.1624,50.34,26,6
AC1333,2024-03-17,Rogers,Product Launch Q1,WiFi Portal,Business Traveller,YYZ-MEX,5595.0,364,1142.96,3.14,57,21612.88,0.0651,0.1566,18.91,11,3
AC1334,2024-03-31,Marriott Hotels,Brand Awareness Q1,Seatback Screen,International Traveller,YYC-YYZ,14865.0,383,968.99,2.53,50,16342.84,0.0258,0.1305,16.87,13,3
AC1335,2024-06-15,Marriott Hotels,Brand Awareness Q2,In-flight Entertainment,Leisure Traveller,YUL-CDG,12262.0,362,543.0,1.5,50,16968.45,0.0295,0.1381,31.25,24,6
AC1336,2024-06-14,Td Bank,Brand Awareness Q2,Seatback Screen,Business Traveller,YYZ-LAX,6457.0,261,631.62,2.42,18,6935.61,0.0404,0.069,10.98,24,6
AC1337,2024-02-18,Hilton,Product Launch Q1,Boarding Gate Display,Business Traveller,YUL-CDG,9259.0,325,507.0,1.56,44,8642.3,0.0351,0.1354,17.05,7,2
AC1338,2024-01-22,Hilton,Seasonal Promo Q2,Seatback Screen,International Traveller,YYC-YYZ,12682.0,397,770.18,1.94,50,3778.47,0.0313,0.1259,4.91,4,1
AC1339,2024-06-07,Expedia,Brand Awareness Q2,In-flight Entertainment,Business Traveller,YVR-NRT,20482.0,722,909.72,1.26,82,13834.37,0.0353,0.1136,15.21,23,6
AC1340,2024-05-07,Rogers,Product Launch Q1,In-flight Entertainment,International Traveller,YYZ-LAX,17207.0,746,1126.46,1.51,67,24283.15,0.0434,0.0898,21.56,19,5
AC1341,2024-02-28,Hilton,Brand Awareness Q1,In-flight Entertainment,Leisure Traveller,YUL-CDG,14001.0,476,1018.64,2.14,51,20200.41,0.034,0.1071,19.83,9,2
AC1342,2024-03-13,Hertz,Product Launch Q1,In-flight Entertainment,International Traveller,YYZ-LAX,13919.0,436,353.16,0.81,65,7357.94,0.0313,0.1491,20.83,11,3
AC1343,2024-04-10,Expedia,Brand Awareness Q1,In-flight Entertainment,International Traveller,YUL-JFK,14507.5,1010,2050.3,2.03,175,45145.01,0.0696,0.1733,22.02,15,4
AC1344,2024-06-13,Expedia,Brand Awareness Q1,Seatback Screen,Leisure Traveller,YYZ-MEX,11436.0,391,566.95,1.45,58,10998.02,0.0342,0.1483,19.4,24,6
AC1345,2024-03-20,Hertz,Seasonal Promo Q2,In-flight Entertainment,International Traveller,YYZ-LHR,12302.0,488,1019.92,2.09,60,11884.48,0.0397,0.123,11.65,12,3
AC1346,2024-04-28,Td Bank,Retargeting Q2,In-flight Entertainment,Business Traveller,YYC-YYZ,15347.0,1031,2123.86,2.06,62,20493.52,0.0672,0.0601,9.65,17,4
AC1347,2024-05-21,Samsung,Brand Awareness Q1,Boarding Gate Display,International Traveller,YYC-YYZ,4763.0,185,553.15,2.99,17,4334.13,0.0388,0.0919,7.84,21,5
AC1348,2024-06-29,Hertz,Seasonal Promo Q2,Boarding Gate Display,Business Traveller,YYZ-LAX,10454.0,630,2066.4,3.28,97,12015.77,0.0603,0.154,5.81,26,6
AC1349,2024-01-04,Td Bank,Brand Awareness Q1,In-flight Entertainment,Business Traveller,YYZ-LHR,13627.0,785,1656.35,2.11,102,39869.01,0.0576,0.1299,24.07,1,1
AC1350,2024-02-18,Rogers,Brand Awareness Q1,In-flight Entertainment,Leisure Traveller,YUL-CDG,11667.0,306,605.88,1.98,40,13060.16,0.0262,0.1307,21.56,7,2
AC1351,2024-05-04,Rbc,Seasonal Promo Q2,In-flight Entertainment,Leisure Traveller,YUL-CDG,23449.0,869,712.58,0.82,114,34152.4,0.0371,0.1312,47.93,18,5
AC1352,2024-05-11,Rogers,Seasonal Promo Q2,In-flight Entertainment,Frequent Flyer,YYZ-LHR,23987.0,1020,3274.2,3.21,106,22860.84,0.0425,0.1039,6.98,19,5
AC1353,2024-04-30,Rbc,Product Launch Q1,Seatback Screen,International Traveller,YUL-JFK,12178.0,428,1313.96,3.07,57,5466.61,0.0351,0.1332,4.16,18,4
AC1354,2024-03-13,Expedia,Product Launch Q1,Boarding Gate Display,Leisure Traveller,YYC-YYZ,5115.0,126,422.1,3.35,14,1850.12,0.0246,0.1111,4.38,11,3
AC1355,2024-03-27,Hertz,Brand Awareness Q1,Seatback Screen,Business Traveller,YYZ-MEX,6867.0,239,420.64,1.76,13,4643.6,0.0348,0.0544,11.04,13,3
AC1356,2024-01-29,Marriott Hotels,Seasonal Promo Q2,In-flight Entertainment,Frequent Flyer,YYZ-MEX,11469.0,747,2353.05,3.15,125,13120.17,0.0651,0.1673,5.58,5,1
AC1357,2024-02-01,Marriott Hotels,Product Launch Q1,Seatback Screen,International Traveller,YVR-NRT,12194.0,429,441.87,1.03,42,13196.22,0.0352,0.0979,29.86,5,2
AC1358,2024-04-15,Td Bank,Seasonal Promo Q2,Seatback Screen,Leisure Traveller,YYZ-MEX,12516.0,416,915.2,2.2,24,4041.75,0.0332,0.0577,4.42,16,4
AC1359,2024-03-16,Rbc,Brand Awareness Q2,Seatback Screen,Business Traveller,YUL-JFK,11586.0,681,2199.63,3.23,88,8923.34,0.0588,0.1292,4.06,11,3
AC1360,2024-03-18,Hilton,Product Launch Q1,WiFi Portal,Frequent Flyer,YYZ-MEX,6402.0,389,879.14,2.26,30,6872.55,0.0608,0.0771,7.82,12,3
AC1361,2024-05-09,Rogers,Seasonal Promo Q2,Seatback Screen,International Traveller,YUL-JFK,11436.0,487,1626.58,3.34,52,13018.32,0.0426,0.1068,8.0,19,5
AC1362,2024-06-21,Samsung,Brand Awareness Q2,WiFi Portal,International Traveller,YVR-NRT,5093.0,206,597.4,2.9,22,2228.46,0.0404,0.1068,3.73,25,6
AC1363,2024-04-04,Hertz,Brand Awareness Q1,Boarding Gate Display,Leisure Traveller,YYZ-LHR,11502.0,530,1849.7,3.49,73,27866.8,0.0461,0.1377,15.07,14,4
AC1364,2024-05-15,Hilton,Brand Awareness Q2,Boarding Gate Display,Leisure Traveller,YUL-JFK,10461.0,443,1492.91,3.37,56,10808.95,0.0423,0.1264,7.24,20,5
AC1365,2024-05-04,Expedia,Retargeting Q2,WiFi Portal,International Traveller,YVR-NRT,5001.0,168,263.76,1.57,12,3706.57,0.0336,0.0714,14.05,18,5
AC1366,2024-05-01,Hilton,Seasonal Promo Q2,WiFi Portal,Frequent Flyer,YVR-NRT,3134.0,144,398.88,2.77,8,2149.36,0.0459,0.0556,5.39,18,5
AC1367,2024-02-12,Rbc,Brand Awareness Q1,Boarding Gate Display,International Traveller,YUL-JFK,8060.0,336,829.92,2.47,41,2808.75,0.0417,0.122,3.38,7,2
AC1368,2024-03-03,Marriott Hotels,Product Launch Q1,Seatback Screen,Business Traveller,YVR-NRT,6386.0,294,582.12,1.98,30,10526.31,0.046,0.102,18.08,9,3
AC1369,2024-01-23,Hertz,Retargeting Q2,WiFi Portal,Leisure Traveller,YUL-CDG,5336.0,260,416.0,1.6,16,1597.78,0.0487,0.0615,3.84,4,1
AC1370,2024-05-30,Rbc,Brand Awareness Q2,Seatback Screen,Leisure Traveller,YYZ-MEX,13076.0,306,581.4,1.9,34,6549.18,0.0234,0.1111,11.26,22,5
AC1371,2024-04-14,Marriott Hotels,Brand Awareness Q2,Seatback Screen,Leisure Traveller,YVR-NRT,6374.0,312,907.92,2.91,37,7337.59,0.0489,0.1186,8.08,15,4
AC1372,2024-03-10,Rogers,Seasonal Promo Q2,Seatback Screen,Business Traveller,YYZ-LAX,16141.0,1028,1274.72,1.24,122,9086.23,0.0637,0.1187,7.13,10,3
AC1374,2024-04-10,Rbc,Seasonal Promo Q2,Seatback Screen,Frequent Flyer,YYC-YYZ,17899.0,1034,1168.42,1.13,182,33075.18,0.0578,0.176,28.31,15,4
AC1375,2024-04-23,Rbc,Product Launch Q1,In-flight Entertainment,Frequent Flyer,YVR-NRT,8306.0,603,1501.47,2.49,93,11848.36,0.0726,0.1542,7.89,17,4
AC1376,2024-01-29,Samsung,Seasonal Promo Q2,In-flight Entertainment,Leisure Traveller,YYZ-MEX,17088.0,441,1071.63,2.43,32,8187.44,0.0258,0.0726,7.64,5,1
AC1377,2024-06-06,Rogers,Brand Awareness Q2,Seatback Screen,Business Traveller,YUL-JFK,16152.0,485,1508.35,3.11,44,15202.86,0.03,0.0907,10.08,23,6
AC1378,2024-05-16,Rbc,Seasonal Promo Q2,Seatback Screen,Business Traveller,YVR-NRT,10181.0,384,1071.36,2.79,68,13486.92,0.0377,0.1771,12.59,20,5
AC1379,2024-05-31,Marriott Hotels,Brand Awareness Q1,In-flight Entertainment,Frequent Flyer,YYZ-LHR,18954.0,1381,3038.2,2.2,111,8382.59,0.0729,0.0804,2.76,22,5
AC1380,2024-03-21,Marriott Hotels,Seasonal Promo Q2,In-flight Entertainment,Business Traveller,YYZ-LAX,10130.0,676,662.48,0.98,93,22853.85,0.0667,0.1376,34.5,12,3
AC1381,2024-04-19,Samsung,Seasonal Promo Q2,In-flight Entertainment,Frequent Flyer,YYZ-LHR,11318.0,499,1202.59,2.41,29,9462.58,0.0441,0.0581,7.87,16,4
AC1382,2024-02-05,Td Bank,Product Launch Q1,Boarding Gate Display,Frequent Flyer,YUL-CDG,8106.0,440,1047.2,2.38,52,5250.37,0.0543,0.1182,5.01,6,2
AC1383,2024-01-14,Hertz,Brand Awareness Q2,In-flight Entertainment,Leisure Traveller,YYC-YYZ,21830.0,568,1181.44,2.08,79,16873.68,0.026,0.1391,14.28,2,1
AC1384,2024-04-26,Rogers,Brand Awareness Q1,Boarding Gate Display,International Traveller,YUL-CDG,3060.0,119,249.9,2.1,17,5697.18,0.0389,0.1429,22.8,17,4
AC1385,2024-01-08,Rbc,Retargeting Q2,WiFi Portal,Business Traveller,YYZ-LAX,4380.0,165,145.2,0.88,12,1331.42,0.0377,0.0727,9.17,2,1
AC1386,2024-01-26,Hertz,Retargeting Q2,Seatback Screen,Business Traveller,YUL-CDG,16099.0,904,1835.12,2.03,88,15868.39,0.0562,0.0973,8.65,4,1
AC1387,2024-02-18,Td Bank,Product Launch Q1,In-flight Entertainment,Business Traveller,YUL-CDG,14281.0,610,1744.6,2.86,77,26877.03,0.0427,0.1262,15.41,7,2
AC1388,2024-04-30,Rogers,Brand Awareness Q1,Seatback Screen,Frequent Flyer,YUL-CDG,7743.0,464,951.2,2.05,42,7596.02,0.0599,0.0905,7.99,18,4
AC1389,2024-04-25,Td Bank,Product Launch Q1,In-flight Entertainment,Leisure Traveller,YUL-CDG,15680.0,490,730.1,1.49,29,9078.97,0.0312,0.0592,12.44,17,4
AC1390,2024-04-14,Expedia,Seasonal Promo Q2,Boarding Gate Display,Frequent Flyer,YYZ-LHR,7473.0,491,869.07,1.77,29,10002.42,0.0657,0.0591,11.51,15,4
AC1391,2024-05-19,Marriott Hotels,Brand Awareness Q1,In-flight Entertainment,Business Traveller,YVR-NRT,14563.0,582,762.42,1.31,74,7270.71,0.04,0.1271,9.54,20,5
AC1392,2024-04-13,Rogers,Seasonal Promo Q2,WiFi Portal,International Traveller,YYZ-MEX,7358.0,374,1028.5,2.75,28,3690.49,0.0508,0.0749,3.59,15,4
AC1393,2024-04-19,Expedia,Product Launch Q1,In-flight Entertainment,International Traveller,YYZ-MEX,21686.0,632,1030.16,1.63,92,20693.57,0.0291,0.1456,20.09,16,4
AC1394,2024-05-25,Td Bank,Brand Awareness Q1,WiFi Portal,International Traveller,YYC-YYZ,3259.0,170,316.2,1.86,16,6112.68,0.0522,0.0941,19.33,21,5
AC1395,2024-06-21,Hilton,Brand Awareness Q1,WiFi Portal,Business Traveller,YUL-CDG,7644.0,237,322.32,1.36,20,4670.77,0.031,0.0844,14.49,25,6
AC1396,2024-05-17,Td Bank,Product Launch Q1,Boarding Gate Display,Leisure Traveller,YYZ-LAX,9373.0,430,847.1,1.97,61,13186.55,0.0459,0.1419,15.57,20,5
AC1397,2024-04-24,Hilton,Product Launch Q1,WiFi Portal,Leisure Traveller,YYZ-LAX,6954.0,328,774.08,2.36,47,7086.15,0.0472,0.1433,9.15,17,4
AC1398,2024-02-15,Rogers,Product Launch Q1,Boarding Gate Display,Leisure Traveller,YYZ-LHR,6005.0,137,437.03,3.19,9,3230.05,0.0228,0.0657,7.39,7,2
AC1399,2024-02-01,Samsung,Brand Awareness Q2,Boarding Gate Display,Frequent Flyer,YYZ-MEX,11264.0,564,1223.88,2.17,62,4688.34,0.0501,0.1099,3.83,5,2
AC1400,2024-01-30,Samsung,Retargeting Q2,Boarding Gate Display,Business Traveller,YYZ-LAX,10606.0,523,1762.51,3.37,35,11800.23,0.0493,0.0669,6.7,5,1
AC1401,2024-06-20,Rogers,Brand Awareness Q1,In-flight Entertainment,Frequent Flyer,YUL-CDG,8367.0,633,1417.92,2.24,68,4536.59,0.0757,0.1074,3.2,25,6
AC1402,2024-06-02,Marriott Hotels,Brand Awareness Q1,Boarding Gate Display,International Traveller,YYZ-LHR,6305.0,202,391.88,1.94,36,6047.67,0.032,0.1782,15.43,22,6
AC1403,2024-01-28,Hertz,Brand Awareness Q2,Seatback Screen,Business Traveller,YYZ-LHR,11436.0,565,807.95,1.43,36,5874.43,0.0494,0.0637,7.27,4,1
AC1404,2024-04-04,Samsung,Brand Awareness Q2,In-flight Entertainment,International Traveller,YUL-JFK,9439.0,514,1156.5,2.25,91,31637.31,0.0545,0.177,27.36,14,4
AC1405,2024-06-19,Td Bank,Retargeting Q2,Seatback Screen,International Traveller,YUL-CDG,6106.0,222,317.46,1.43,28,11086.13,0.0364,0.1261,34.92,25,6
AC1406,2024-04-05,Td Bank,Product Launch Q1,Seatback Screen,Business Traveller,YYZ-LAX,9859.0,443,1537.21,3.47,47,16782.11,0.0449,0.1061,10.92,14,4
AC1407,2024-03-28,Td Bank,Retargeting Q2,WiFi Portal,Business Traveller,YUL-CDG,6418.0,425,1164.5,2.74,54,9910.08,0.0662,0.1271,8.51,13,3
AC1408,2024-02-22,Marriott Hotels,Product Launch Q1,Seatback Screen,Business Traveller,YUL-JFK,6503.0,411,1134.36,2.76,37,11195.68,0.0632,0.09,9.87,8,2
AC1409,2024-01-21,Hilton,Seasonal Promo Q2,Seatback Screen,International Traveller,YYZ-MEX,11524.0,498,607.56,1.22,86,18808.22,0.0432,0.1727,30.96,3,1
AC1410,2024-04-28,Rogers,Seasonal Promo Q2,Seatback Screen,Leisure Traveller,YVR-NRT,12431.0,427,567.91,1.33,72,3705.35,0.0343,0.1686,6.52,17,4
AC1411,2024-03-19,Td Bank,Seasonal Promo Q2,Boarding Gate Display,International Traveller,YYZ-LHR,5039.0,155,230.95,1.49,26,7872.43,0.0308,0.1677,34.09,12,3
AC1412,2024-01-09,Td Bank,Seasonal Promo Q2,Boarding Gate Display,Leisure Traveller,YUL-CDG,3462.0,136,359.04,2.64,11,2868.27,0.0393,0.0809,7.99,2,1
AC1413,2024-04-18,Td Bank,Product Launch Q1,Boarding Gate Display,Business Traveller,YYC-YYZ,7951.0,397,1103.66,2.78,58,21663.71,0.0499,0.1461,19.63,16,4
AC1414,2024-06-27,Hertz,Seasonal Promo Q2,WiFi Portal,Leisure Traveller,YUL-JFK,3379.0,74,190.18,2.57,10,1097.22,0.0219,0.1351,5.77,26,6
AC1415,2024-01-16,Marriott Hotels,Product Launch Q1,Boarding Gate Display,Leisure Traveller,YUL-CDG,7249.0,334,364.06,1.09,44,3429.07,0.0461,0.1317,9.42,3,1
AC1416,2024-01-03,Samsung,Brand Awareness Q1,Boarding Gate Display,Frequent Flyer,YUL-JFK,3685.0,236,816.56,3.46,35,13168.57,0.064,0.1483,16.13,1,1
AC1417,2024-04-06,Expedia,Seasonal Promo Q2,WiFi Portal,Leisure Traveller,YVR-NRT,4705.0,216,712.8,3.3,11,1023.14,0.0459,0.0509,1.44,14,4
AC1418,2024-01-01,Hilton,Product Launch Q1,Boarding Gate Display,Frequent Flyer,YUL-JFK,8901.0,597,853.71,1.43,67,20684.35,0.0671,0.1122,24.23,1,1
AC1419,2024-02-19,Hilton,Brand Awareness Q2,In-flight Entertainment,Frequent Flyer,YVR-NRT,12691.0,930,3245.7,3.49,165,35207.88,0.0733,0.1774,10.85,8,2
AC1420,2024-01-28,Samsung,Brand Awareness Q1,Seatback Screen,Leisure Traveller,YYZ-MEX,16727.0,498,1364.52,2.74,68,26045.79,0.0298,0.1365,19.09,4,1
AC1421,2024-05-27,Hilton,Product Launch Q1,In-flight Entertainment,International Traveller,YYZ-MEX,10119.0,473,1381.16,2.92,83,16843.75,0.0467,0.1755,12.2,22,5
AC1422,2024-02-02,Expedia,Retargeting Q2,Seatback Screen,Business Traveller,YYC-YYZ,11229.0,476,923.44,1.94,71,23368.33,0.0424,0.1492,25.31,5,2
AC1423,2024-03-21,Marriott Hotels,Seasonal Promo Q2,Boarding Gate Display,Business Traveller,YYC-YYZ,11189.0,640,1977.6,3.09,100,6202.04,0.0572,0.1562,3.14,12,3
AC1424,2024-01-16,Hilton,Seasonal Promo Q2,Seatback Screen,Frequent Flyer,YVR-NRT,7501.0,520,1710.8,3.29,78,27290.06,0.0693,0.15,15.95,3,1
AC1425,2024-06-22,Hertz,Seasonal Promo Q2,In-flight Entertainment,Frequent Flyer,YVR-NRT,23513.0,1808,4863.52,2.69,219,18409.54,0.0769,0.1211,3.79,25,6
AC1426,2024-04-23,Rogers,Product Launch Q1,Boarding Gate Display,Leisure Traveller,YYC-YYZ,6436.0,273,753.48,2.76,34,9771.98,0.0424,0.1245,12.97,17,4
AC1427,2024-02-15,Hertz,Seasonal Promo Q2,In-flight Entertainment,Business Traveller,YVR-NRT,9719.0,522,464.58,0.89,42,9282.8,0.0537,0.0805,19.98,7,2
AC1428,2024-04-04,Marriott Hotels,Seasonal Promo Q2,Boarding Gate Display,Frequent Flyer,YVR-NRT,4353.0,213,506.94,2.38,37,8059.5,0.0489,0.1737,15.9,14,4
AC1429,2024-01-17,Td Bank,Retargeting Q2,WiFi Portal,Leisure Traveller,YYZ-LAX,7740.0,344,333.68,0.97,54,12886.76,0.0444,0.157,38.62,3,1
AC1430,2024-04-24,Marriott Hotels,Brand Awareness Q2,Seatback Screen,Leisure Traveller,YYZ-LAX,7015.0,277,783.91,2.83,16,1498.42,0.0395,0.0578,1.91,17,4
AC1431,2024-03-16,Rbc,Brand Awareness Q2,Seatback Screen,International Traveller,YYZ-LAX,7291.0,397,893.25,2.25,30,2539.6,0.0545,0.0756,2.84,11,3
AC1432,2024-03-12,Samsung,Retargeting Q2,Seatback Screen,Leisure Traveller,YYC-YYZ,16945.0,468,879.84,1.88,28,3890.96,0.0276,0.0598,4.42,11,3
AC1433,2024-06-03,Rogers,Brand Awareness Q2,Seatback Screen,International Traveller,YYC-YYZ,11876.0,306,309.06,1.01,20,1769.93,0.0258,0.0654,5.73,23,6
AC1434,2024-03-11,Expedia,Product Launch Q1,WiFi Portal,Leisure Traveller,YYZ-MEX,5089.0,117,324.09,2.77,10,3374.7,0.023,0.0855,10.41,11,3
AC1435,2024-04-09,Rogers,Retargeting Q2,In-flight Entertainment,Business Traveller,YUL-CDG,13920.0,724,1086.0,1.5,100,29962.79,0.052,0.1381,27.59,15,4
AC1436,2024-02-16,Expedia,Seasonal Promo Q2,Seatback Screen,Frequent Flyer,YUL-JFK,10799.0,742,2441.18,3.29,59,16075.87,0.0687,0.0795,6.59,7,2
AC1437,2024-05-27,Marriott Hotels,Product Launch Q1,In-flight Entertainment,Leisure Traveller,YYZ-LAX,9881.0,200,664.0,3.32,13,2915.01,0.0202,0.065,4.39,22,5
AC1438,2024-06-28,Rbc,Seasonal Promo Q2,Seatback Screen,Business Traveller,YUL-JFK,9001.0,516,1707.96,3.31,77,28207.37,0.0573,0.1492,16.52,26,6
AC1439,2024-04-05,Rbc,Product Launch Q1,Boarding Gate Display,Frequent Flyer,YYZ-LHR,7092.0,365,766.5,2.1,30,1523.46,0.0515,0.0822,1.99,14,4
AC1440,2024-01-02,Rbc,Retargeting Q2,Boarding Gate Display,Frequent Flyer,YYZ-LAX,8798.0,493,404.26,0.82,52,6195.31,0.056,0.1055,15.33,1,1
AC1441,2024-04-11,Rbc,Seasonal Promo Q2,Seatback Screen,International Traveller,YUL-CDG,9903.0,327,840.39,2.57,35,3463.46,0.033,0.107,4.12,15,4
AC1442,2024-04-11,Marriott Hotels,Product Launch Q1,Seatback Screen,International Traveller,YYZ-LAX,17188.0,676,1027.52,1.52,70,16978.03,0.0393,0.1036,16.52,15,4
AC1443,2024-01-06,Td Bank,Brand Awareness Q1,Boarding Gate Display,Leisure Traveller,YYZ-LAX,11192.0,453,887.88,1.96,57,3010.18,0.0405,0.1258,3.39,1,1
AC1444,2024-03-08,Hertz,Brand Awareness Q1,Seatback Screen,Leisure Traveller,YVR-NRT,15917.0,692,1695.4,2.45,51,17809.46,0.0435,0.0737,10.5,10,3
AC1445,2024-06-06,Rogers,Brand Awareness Q1,Seatback Screen,Leisure Traveller,YYZ-LHR,6489.0,189,323.19,1.71,21,4797.5,0.0291,0.1111,14.84,23,6
AC1446,2024-02-16,Expedia,Brand Awareness Q1,Boarding Gate Display,Leisure Traveller,YVR-NRT,8269.0,282,366.6,1.3,48,8508.16,0.0341,0.1702,23.21,7,2
AC1447,2024-05-30,Hertz,Retargeting Q2,WiFi Portal,International Traveller,YUL-JFK,7326.0,378,1058.4,2.8,24,6127.12,0.0516,0.0635,5.79,22,5
AC1448,2024-02-21,Marriott Hotels,Seasonal Promo Q2,In-flight Entertainment,International Traveller,YVR-NRT,13035.0,674,2075.92,3.08,82,14068.64,0.0517,0.1217,6.78,8,2
AC1449,2024-03-11,Hilton,Brand Awareness Q2,Boarding Gate Display,Business Traveller,YUL-CDG,3996.0,246,651.9,2.65,40,15601.54,0.0616,0.1626,23.93,11,3
AC1450,2024-02-10,Td Bank,Brand Awareness Q1,WiFi Portal,Leisure Traveller,YUL-CDG,7707.0,336,745.92,2.22,30,3813.53,0.0436,0.0893,5.11,6,2
AC1451,2024-03-12,Samsung,Product Launch Q1,WiFi Portal,Business Traveller,YUL-JFK,2422.0,168,421.68,2.51,29,4744.3,0.0694,0.1726,11.25,11,3
AC1452,2024-04-01,Rogers,Brand Awareness Q1,WiFi Portal,Business Traveller,YUL-JFK,4291.0,172,574.48,3.34,21,6361.13,0.0401,0.1221,11.07,14,4
AC1453,2024-02-22,Samsung,Retargeting Q2,Boarding Gate Display,Leisure Traveller,YVR-NRT,6796.0,224,479.36,2.14,24,8051.02,0.033,0.1071,16.8,8,2
AC1454,2024-04-10,Rogers,Product Launch Q1,In-flight Entertainment,International Traveller,YUL-CDG,14507.5,627,1730.52,2.76,42,13131.53,0.0432,0.067,7.59,15,4
AC1455,2024-03-09,Rbc,Brand Awareness Q1,In-flight Entertainment,Leisure Traveller,YUL-CDG,12673.0,257,773.57,3.01,41,3269.25,0.0203,0.1595,4.23,10,3
AC1456,2024-01-15,Rogers,Product Launch Q1,WiFi Portal,Frequent Flyer,YUL-CDG,6453.0,284,905.96,3.19,29,1462.29,0.044,0.1021,1.61,3,1
AC1457,2024-05-05,Rogers,Brand Awareness Q1,Seatback Screen,Frequent Flyer,YUL-JFK,11436.0,362,640.74,1.77,61,4860.57,0.0317,0.1685,7.59,18,5
AC1458,2024-06-08,Hertz,Retargeting Q2,Boarding Gate Display,Leisure Traveller,YUL-JFK,7441.0,296,805.12,2.72,17,862.96,0.0398,0.0574,1.07,23,6
AC1459,2024-01-29,Td Bank,Brand Awareness Q1,Boarding Gate Display,Frequent Flyer,YYZ-MEX,5370.0,297,493.02,1.66,31,9073.62,0.0553,0.1044,18.4,5,1
AC1461,2024-04-02,Hilton,Retargeting Q2,Seatback Screen,Business Traveller,YYZ-LAX,9828.0,623,853.51,1.37,49,15260.97,0.0634,0.0787,17.88,14,4
AC1462,2024-06-18,Td Bank,Brand Awareness Q1,WiFi Portal,Business Traveller,YUL-JFK,6865.0,214,500.76,2.34,33,3379.23,0.0312,0.1542,6.75,25,6
AC1463,2024-04-23,Rogers,Retargeting Q2,Boarding Gate Display,Frequent Flyer,YUL-JFK,5554.0,260,319.8,1.23,26,5154.95,0.0468,0.1,16.12,17,4
AC1464,2024-01-24,Rogers,Retargeting Q2,Seatback Screen,Frequent Flyer,YUL-CDG,7050.0,492,1136.52,2.31,78,26192.06,0.0698,0.1585,23.05,4,1
AC1465,2024-02-19,Hertz,Seasonal Promo Q2,In-flight Entertainment,International Traveller,YUL-JFK,14507.5,590,731.6,1.24,37,4594.23,0.0407,0.0627,6.28,8,2
AC1466,2024-05-24,Rbc,Brand Awareness Q2,Seatback Screen,International Traveller,YYZ-LAX,14236.0,487,1378.21,2.83,85,19131.43,0.0342,0.1745,13.88,21,5
AC1467,2024-01-26,Marriott Hotels,Brand Awareness Q2,WiFi Portal,Frequent Flyer,YUL-JFK,3230.0,239,377.62,1.58,16,3393.39,0.074,0.0669,8.99,4,1
AC1469,2024-03-21,Rogers,Seasonal Promo Q2,In-flight Entertainment,Frequent Flyer,YYZ-LAX,13561.0,639,1840.32,2.88,53,11428.99,0.0471,0.0829,6.21,12,3
AC1470,2024-04-12,Marriott Hotels,Retargeting Q2,Boarding Gate Display,Business Traveller,YVR-NRT,5113.0,243,250.29,1.03,25,5188.31,0.0475,0.1029,20.73,15,4
AC1471,2024-03-15,Rbc,Brand Awareness Q1,Seatback Screen,Business Traveller,YUL-CDG,7592.0,487,847.38,1.74,54,12813.69,0.0641,0.1109,15.12,11,3
AC1472,2024-01-17,Td Bank,Retargeting Q2,Boarding Gate Display,Leisure Traveller,YYZ-LHR,10967.0,463,1051.01,2.27,80,8074.39,0.0422,0.1728,7.68,3,1
AC1473,2024-01-14,Rbc,Product Launch Q1,WiFi Portal,Frequent Flyer,YYZ-LHR,7600.0,325,614.25,1.89,28,8379.63,0.0428,0.0862,13.64,2,1
AC1474,2024-02-12,Rbc,Retargeting Q2,In-flight Entertainment,Frequent Flyer,YVR-NRT,14507.5,984,1731.84,1.76,137,25509.17,0.0678,0.1392,14.73,7,2
AC1475,2024-04-27,Hertz,Product Launch Q1,WiFi Portal,International Traveller,YYZ-LAX,4592.0,151,523.97,3.47,26,9101.13,0.0329,0.1722,17.37,17,4
AC1476,2024-02-25,Samsung,Seasonal Promo Q2,Boarding Gate Display,Leisure Traveller,YYC-YYZ,3235.0,100,301.0,3.01,6,1348.17,0.0309,0.06,4.48,8,2
AC1477,2024-04-19,Td Bank,Seasonal Promo Q2,WiFi Portal,Business Traveller,YUL-CDG,6528.0,337,667.26,1.98,29,7746.82,0.0516,0.0861,11.61,16,4
AC1478,2024-01-27,Marriott Hotels,Seasonal Promo Q2,In-flight Entertainment,Business Traveller,YYC-YYZ,24266.0,824,1301.92,1.58,86,11008.67,0.034,0.1044,8.46,4,1
AC1479,2024-01-02,Marriott Hotels,Seasonal Promo Q2,WiFi Portal,Frequent Flyer,YYZ-LHR,3834.0,281,828.95,2.95,29,3901.78,0.0733,0.1032,4.71,1,1
AC1480,2024-04-20,Expedia,Brand Awareness Q2,WiFi Portal,International Traveller,YUL-CDG,5206.0,138,270.48,1.96,23,4292.81,0.0265,0.1667,15.87,16,4
AC1481,2024-06-10,Samsung,Brand Awareness Q1,In-flight Entertainment,Leisure Traveller,YYC-YYZ,20845.0,516,448.92,0.87,26,8307.29,0.0248,0.0504,18.51,24,6
AC1482,2024-02-17,Td Bank,Retargeting Q2,In-flight Entertainment,Leisure Traveller,YYZ-LHR,15855.0,716,1303.12,1.82,60,4086.73,0.0452,0.0838,3.14,7,2
AC1483,2024-01-28,Marriott Hotels,Brand Awareness Q1,In-flight Entertainment,Frequent Flyer,YYC-YYZ,12647.0,929,1727.94,1.86,105,6056.92,0.0735,0.113,3.51,4,1
AC1484,2024-02-16,Td Bank,Product Launch Q1,WiFi Portal,Frequent Flyer,YYZ-MEX,3463.0,276,667.92,2.42,13,3023.96,0.0797,0.0471,4.53,7,2
AC1485,2024-01-08,Hertz,Product Launch Q1,Seatback Screen,International Traveller,YYZ-LAX,7270.0,240,808.8,3.37,22,5346.53,0.033,0.0917,6.61,2,1
AC1486,2024-06-24,Td Bank,Product Launch Q1,Seatback Screen,International Traveller,YUL-CDG,11436.0,533,1066.0,2.0,67,9720.75,0.0466,0.1257,9.12,26,6
AC1487,2024-01-09,Expedia,Product Launch Q1,WiFi Portal,Business Traveller,YYZ-LHR,6807.0,284,497.0,1.75,15,1694.5,0.0417,0.0528,3.41,2,1
AC1488,2024-02-01,Expedia,Retargeting Q2,WiFi Portal,Leisure Traveller,YYZ-MEX,7638.0,201,287.43,1.43,11,1641.91,0.0263,0.0547,5.71,5,2
AC1489,2024-02-20,Marriott Hotels,Retargeting Q2,Boarding Gate Display,Frequent Flyer,YVR-NRT,7839.0,649,1570.58,2.42,82,10885.31,0.0828,0.1263,6.93,8,2
AC1490,2024-01-10,Rbc,Seasonal Promo Q2,Boarding Gate Display,International Traveller,YUL-CDG,3266.0,160,246.4,1.54,23,4372.77,0.049,0.1438,17.75,2,1
AC1491,2024-06-07,Hilton,Retargeting Q2,Boarding Gate Display,Business Traveller,YYZ-MEX,3783.0,238,656.88,2.76,18,1454.51,0.0629,0.0756,2.21,23,6
AC1492,2024-01-29,Rbc,Brand Awareness Q1,In-flight Entertainment,International Traveller,YYZ-MEX,9572.0,472,594.72,1.26,32,6759.77,0.0493,0.0678,11.37,5,1
AC1493,2024-03-02,Td Bank,Brand Awareness Q2,Boarding Gate Display,Business Traveller,YYC-YYZ,7596.0,325,520.0,1.6,19,4664.13,0.0428,0.0585,8.97,9,3
AC1494,2024-01-04,Marriott Hotels,Product Launch Q1,In-flight Entertainment,Frequent Flyer,YYZ-LAX,15082.0,1062,2325.78,2.19,96,36531.21,0.0704,0.0904,15.71,1,1
AC1495,2024-06-07,Hertz,Seasonal Promo Q2,Seatback Screen,International Traveller,YYZ-LHR,8326.0,379,894.44,2.36,23,4860.68,0.0455,0.0607,5.43,23,6
AC1496,2024-04-25,Rogers,Brand Awareness Q2,In-flight Entertainment,Frequent Flyer,YUL-JFK,14507.5,1117,1898.9,1.7,119,21351.37,0.077,0.1065,11.24,17,4
AC1497,2024-05-15,Samsung,Retargeting Q2,Boarding Gate Display,Leisure Traveller,YYC-YYZ,4788.0,188,176.72,0.94,10,1431.62,0.0393,0.0532,8.1,20,5
AC1498,2024-06-26,Td Bank,Product Launch Q1,Boarding Gate Display,Frequent Flyer,YYZ-LAX,5802.0,370,1028.6,2.78,23,5201.08,0.0638,0.0622,5.06,26,6
AC1499,2024-02-12,Samsung,Brand Awareness Q1,Seatback Screen,International Traveller,YUL-JFK,10442.0,395,1354.85,3.43,65,7134.0,0.0378,0.1646,5.27,7,2
